score,rec,score_total,recommendation,rationale,url,titulo,ubicacion,precio,m2,habitaciones,baños,planta,ascensor,plataforma,tipo,estado,año
85.0,opportunity,85.0,strong_opportunity,,https://www.yaencontre.com/venta/piso/inmueble-50964-111079629?utm_source=social&utm_medium=social&utm_campaign=share-android-detail-photo,Venta de piso en La Luz - El Torcal de 3 habitaciones con terraza y aire acondicionado,La Luz - El Torcal,245000.0,73.0,3.0,1.0,planta 6ª,Sí,yaencontre,Piso,buen estado,
85.0,opportunity,85.0,strong_opportunity,,https://www.idealista.com/inmueble/111525009/,Piso en venta en Vistafranca,"Carretera de Cádiz, Málaga",234999.0,80.0,3.0,1.0,Planta 3ª exterior con ascensor,Sí,idealista,Piso,Segunda mano/buen estado,
85.0,opportunity,85.0,strong_opportunity,,https://www.idealista.com/inmueble/111201106/?utm_medium=socialmedia&utm_campaign=private_sendadtofriend&utm_source=notifications,Piso en venta en Olletas - Sierra Blanquilla,"Centro, Málaga",175000.0,107.0,3.0,2.0,Planta 4ª exterior con ascensor,Sí,idealista,Piso,Segunda mano/buen estado,
85.0,opportunity,85.0,strong_opportunity,,https://www.idealista.com/inmueble/111303826/,Piso en venta en Calle Santa Marta,"Cruz del Humilladero - Los Tilos, Málaga",199900.0,76.0,3.0,1.0,Planta 5ª exterior con ascensor,Sí,idealista,Piso,Segunda mano/buen estado,
85.0,opportunity,85.0,strong_opportunity,,https://www.idealista.com/inmueble/111391129/?utm_medium=socialmedia&utm_campaign=private_sendadtofriend&utm_source=notifications,Piso en venta en Conde de Ureña,"Centro, Málaga",190000.0,52.0,2.0,1.0,Entreplanta exterior sin ascensor,No,idealista,Piso,Segunda mano/buen estado,
85.0,opportunity,85.0,strong_opportunity,,https://www.idealista.com/inmueble/110794753/?utm_medium=socialmedia&utm_campaign=private_sendadtofriend&utm_source=notifications,"Piso en venta en Plaza de Miraflores, 3","Victoria Eugenia, Málaga",230000.0,80.0,3.0,1.0,Planta 11ª exterior con ascensor,Sí,idealista,Piso,Segunda mano/buen estado,
85.0,opportunity,85.0,strong_opportunity,,https://www.idealista.com/inmueble/111219832/?utm_medium=socialmedia&utm_campaign=private_sendadtofriend&utm_source=notifications,Piso en venta en Avenida Antonio Gaudi,"La Luz, Málaga",239900.0,83.0,3.0,1.0,Planta 4ª exterior con ascensor,Sí,idealista,Piso,Segunda mano/buen estado,
85.0,opportunity,85.0,strong_opportunity,,https://www.idealista.com/inmueble/110734010/?utm_medium=socialmedia&utm_campaign=private_sendadtofriend&utm_source=notifications,Piso en venta en Girón - Las Delicias - Pacífico,"Carretera de Cádiz, Málaga",188900.0,67.0,3.0,1.0,Planta 4ª exterior sin ascensor,No,idealista,Piso,Segunda mano/buen estado,
85.0,opportunity,85.0,strong_opportunity,,https://www.yaencontre.com/venta/piso/inmueble-41932-110949756,Piso en venta en Carranque - Haza Cuevas de 3 habitaciones con ascensor,Carranque - Haza Cuevas,167356.0,96.0,3.0,1.0,,Sí,yaencontre,Piso,buen estado,
85.0,opportunity,85.0,strong_opportunity,,https://www.yaencontre.com/venta/piso/inmueble-36105-107761932,Piso en venta en Perchel Norte - La Trinidad de 2 habitaciones con ascensor,Perchel Norte - La Trinidad,185833.0,60.0,2.0,2.0,planta 1ª,Sí,yaencontre,Piso,buen estado,
83.0,opportunity,83.0,strong_opportunity,,https://www.idealista.com/inmueble/110605334/?utm_medium=socialmedia&utm_campaign=private_sendadtofriend&utm_source=notifications,Piso en venta en Avenida Juan XXIII,"Nuevo San Andrés - Dos Hermanas, Málaga",242500.0,90.0,3.0,1.0,Planta 4ª exterior con ascensor,Sí,idealista,Piso,Segunda mano/buen estado,1966.0
82.0,opportunity,82.0,strong_opportunity,,https://www.idealista.com/inmueble/109801070/,Piso en venta en Nuevo San Andrés - Dos Hermanas,"Carretera de Cádiz, Málaga",188000.0,79.0,3.0,1.0,Planta 1ª exterior con ascensor,Sí,idealista,Piso,Segunda mano/buen estado,1972.0
82.0,opportunity,82.0,strong_opportunity,,https://www.idealista.com/inmueble/109801070/?utm_medium=socialmedia&utm_campaign=private_sendadtofriend&utm_source=notifications,Piso en venta en Nuevo San Andrés - Dos Hermanas,"Carretera de Cádiz, Málaga",188000.0,79.0,3.0,1.0,Planta 1ª exterior con ascensor,Sí,idealista,Piso,Segunda mano/buen estado,1972.0
80.0,visit,80.0,worth_visit,,https://www.idealista.com/inmueble/111041191/?utm_medium=socialmedia&utm_campaign=private_sendadtofriend&utm_source=notifications,Piso en venta en Calle Genoveses,"La Florida - Parque norte, Málaga",180000.0,104.0,3.0,1.0,Planta 9ª exterior con ascensor,Sí,idealista,Piso,Segunda mano/buen estado,1981.0
80.0,visit,80.0,worth_visit,,https://www.idealista.com/inmueble/111150953/?utm_medium=socialmedia&utm_campaign=private_sendadtofriend&utm_source=notifications,Piso en venta en Manantiales - Estación de Autobuses,"Centro, Torremolinos",120000.0,35.0,2.0,1.0,Planta 1ª exterior con ascensor,Sí,idealista,Piso,Segunda mano/buen estado,
80.0,visit,80.0,worth_visit,,https://www.idealista.com/inmueble/111303826/foto/19/,Piso en venta en Calle Santa Marta,"Cruz del Humilladero - Los Tilos, Málaga",199900.0,76.0,3.0,1.0,Planta 5ª exterior con ascensor,Sí,idealista,Piso,Segunda mano/buen estado,
80.0,visit,80.0,worth_visit,,https://www.idealista.com/inmueble/110401569/?utm_medium=socialmedia&utm_campaign=private_sendadtofriend&utm_source=notifications,Chalet adosado en venta en Calle Baeza,"Churriana - La Noria, Málaga",199000.0,70.0,2.0,1.0,,,idealista,Casa,Segunda mano/buen estado,
78.0,visit,78.0,worth_visit,,https://www.idealista.com/inmueble/111527328/?utm_medium=socialmedia&utm_campaign=private_sendadtofriend&utm_source=notifications,"Piso en venta en Calle Valle de Abdalajís, 6","Santa Cristina - San Rafael, Málaga",220000.0,79.0,3.0,1.0,Planta 3ª exterior con ascensor,Sí,idealista,Piso,Segunda mano/buen estado,1982.0
78.0,visit,78.0,worth_visit,,https://www.idealista.com/inmueble/108445895/?utm_medium=socialmedia&utm_campaign=private_sendadtofriend&utm_source=notifications,Piso en venta en Manantiales - Estación de Autobuses,"Centro, Torremolinos",187000.0,52.0,2.0,1.0,Planta 1ª exterior con ascensor,Sí,idealista,Piso,Segunda mano/buen estado,1975.0
78.0,visit,78.0,worth_visit,,https://www.idealista.com/inmueble/93653631/?utm_medium=socialmedia&utm_campaign=private_sendadtofriend&utm_source=notifications,Piso en venta en Calle Periodista Juanito Cortés,"Olletas - Sierra Blanquilla, Málaga",199000.0,75.0,1.0,1.0,,,idealista,Piso,Segunda mano/buen estado,2009.0
75.0,visit,75.0,worth_visit,,https://www.idealista.com/inmueble/111220661/?utm_medium=socialmedia&utm_campaign=private_sendadtofriend&utm_source=notifications,Piso en venta en Calle Ingeniero la Cierva,"La Luz, Málaga",190000.0,80.0,2.0,1.0,,,idealista,Piso,Segunda mano/para reformar,
75.0,visit,75.0,worth_visit,,https://www.idealista.com/inmueble/111400740/?utm_medium=socialmedia&utm_campaign=private_sendadtofriend&utm_source=notifications,Piso en venta en Calle Héroe de Sostoa,"El Torcal, Málaga",235000.0,65.0,2.0,1.0,Planta 7ª exterior con ascensor,Sí,idealista,Piso,Segunda mano/buen estado,
75.0,visit,75.0,worth_visit,,https://www.pisos.com/comprar/casa-este_el_palo29018-55931696823_104700/,"Casas en El Palo, Distrito Este. Málaga Capital","El Palo, Distrito Este. Málaga Capital",,,,,,,pisos,Casa,,
75.0,visit,75.0,worth_visit,,https://www.idealista.com/inmueble/111133940/?utm_medium=socialmedia&utm_campaign=private_sendadtofriend&utm_source=notifications,Casa o chalet independiente en venta en Los Castillejos - La Trinidad,"Bailén - Miraflores, Málaga",180000.0,52.0,1.0,1.0,,,idealista,Casa,Segunda mano/buen estado,
75.0,visit,75.0,worth_visit,,https://www.pisos.com/comprar/piso-las_delicias_giron_25_anos_de_paz29003-61745348897_996965/?from_map=true,Piso en venta en Calle Alberto Insúa,Calle Alberto Insúa,190000.0,60.0,,1.0,3ª planta,,pisos,Piso,En buen estado,
75.0,visit,75.0,worth_visit,,https://www.idealista.com/inmueble/109702033/,"Chalet pareado en venta en Calle Luque, 4","Olletas - Sierra Blanquilla, Málaga",205000.0,74.0,3.0,1.0,,,idealista,Casa,Segunda mano/buen estado,
75.0,visit,75.0,worth_visit,,https://www.yaencontre.com/venta/piso/inmueble-41382-109653443,Piso en venta en La Unión - Cruz de Humilladero - Los Tilos de 3 habitaciones con ascensor,La Unión - Cruz,140500.0,81.0,3.0,1.0,planta 6ª,Sí,yaencontre,Piso,buen estado,1973.0
75.0,visit,75.0,worth_visit,,https://www.idealista.com/inmueble/111303826/?utm_medium=socialmedia&utm_campaign=private_sendadtofriend&utm_source=notifications,Piso en venta en Calle Santa Marta,"Cruz del Humilladero - Los Tilos, Málaga",199900.0,76.0,3.0,1.0,Planta 5ª exterior con ascensor,Sí,idealista,Piso,Segunda mano/buen estado,
75.0,visit,75.0,worth_visit,,https://www.yaencontre.com/venta/piso/inmueble-87520-111472809,Venta de piso en Parque Ayala - Jardín de la Abadía - Huelín de 2 habitaciones con aire acondicionado y ascensor,Parque Ayala - Jardín,165000.0,64.0,2.0,1.0,planta 11ª,Sí,yaencontre,Piso,buen estado,1969.0
75.0,visit,75.0,worth_visit,,https://www.idealista.com/inmueble/111133940/,Casa o chalet independiente en venta en Los Castillejos - La Trinidad,"Bailén - Miraflores, Málaga",180000.0,52.0,1.0,1.0,,,idealista,Casa,Segunda mano/buen estado,
75.0,visit,75.0,worth_visit,,https://www.yaencontre.com/venta/piso/inmueble-69029-110144529,Venta de piso en avenida De Andalucía de 2 habitaciones con balcón y aire acondicionado,avenida De Andalucía,210000.0,70.0,2.0,1.0,planta 1ª,No,yaencontre,Piso,buen estado,
75.0,visit,75.0,worth_visit,,https://www.idealista.com/inmueble/111482962/?utm_medium=socialmedia&utm_campaign=private_sendadtofriend&utm_source=notifications,Casa o chalet independiente en venta en Olletas - Sierra Blanquilla,"Centro, Málaga",198000.0,72.0,1.0,1.0,,,idealista,Casa,Segunda mano/buen estado,
75.0,visit,75.0,worth_visit,,https://www.idealista.com/inmueble/97871188/?utm_medium=socialmedia&utm_campaign=private_sendadtofriend&utm_source=notifications,"Ático en venta en Avenida manantiales, 24","Manantiales - Estación de Autobuses, Torremolinos",145000.0,33.0,1.0,1.0,Planta 12ª exterior con ascensor,Sí,idealista,Piso,Segunda mano/buen estado,
75.0,visit,75.0,worth_visit,,https://www.idealista.com/inmueble/104938790/?utm_medium=socialmedia&utm_campaign=private_sendadtofriend&utm_source=notifications,"Alquiler de piso en Calle Pintor José Gatner, 5","Carranque - Haza Cuevas, Málaga",750.0,65.0,2.0,1.0,Planta 1ª exterior sin ascensor,No,idealista,Piso,Segunda mano/buen estado,
75.0,visit,75.0,worth_visit,,https://www.idealista.com/inmueble/103770015/?utm_medium=socialmedia&utm_campaign=private_sendadtofriend&utm_source=notifications,Alquiler de piso en Calle Mármoles,"Perchel norte, Málaga",650.0,29.0,1.0,1.0,Planta 1ª interior con ascensor,Sí,idealista,Piso,Segunda mano/buen estado,
75.0,visit,75.0,worth_visit,,https://www.idealista.com/inmueble/110552754/,Piso en venta en Calle Lucía Van Dulken,"Girón - Las Delicias - Pacífico, Málaga",165000.0,51.0,2.0,1.0,Planta 1ª exterior sin ascensor,No,idealista,Piso,Segunda mano/buen estado,
75.0,visit,75.0,worth_visit,,https://www.idealista.com/inmueble/111219821/?utm_medium=socialmedia&utm_campaign=private_sendadtofriend&utm_source=notifications,Alquiler de estudio en Pasaje Mármoles,"Perchel norte, Málaga",600.0,27.0,,1.0,Planta 1ª exterior sin ascensor,No,idealista,Piso,Segunda mano/buen estado,
75.0,visit,75.0,worth_visit,,https://www.idealista.com/inmueble/111275746/?utm_medium=socialmedia&utm_campaign=private_sendadtofriend&utm_source=notifications,Piso en venta en Calle Mimbre,"Nuevo San Andrés - Dos Hermanas, Málaga",175000.0,56.0,3.0,1.0,Planta 4ª exterior sin ascensor,No,idealista,Piso,Segunda mano/buen estado,
75.0,visit,75.0,worth_visit,,https://www.idealista.com/inmueble/108149326/?utm_medium=socialmedia&utm_campaign=private_sendadtofriend&utm_source=notifications,Ático en venta en Torreblanca,"Plana Alta, Castellón",197000.0,96.0,3.0,2.0,Planta 3ª exterior con ascensor,Sí,idealista,Piso,Segunda mano/buen estado,2009.0
75.0,visit,75.0,worth_visit,,https://www.pisos.com/comprar/piso-puerta_blanca_almudena_mainake-62592036997_100200/?from_map=true,Piso en venta en Puerta Blanca-Almudena-Mainake,Puerta Blanca-Almudena-Mainake,195000.0,68.0,,,1ª planta,,pisos,Piso,En buen estado,
75.0,visit,75.0,worth_visit,,https://www.idealista.com/inmueble/111423160/?utm_medium=socialmedia&utm_campaign=private_sendadtofriend&utm_source=notifications,Piso en venta en Portada Alta-La Barriguilla,"Cruz de Humilladero, Málaga",149000.0,60.0,2.0,1.0,Planta 1ª exterior sin ascensor,No,idealista,Piso,Segunda mano/buen estado,
75.0,visit,75.0,worth_visit,,https://www.yaencontre.com/venta/piso/inmueble-69029-111321985,Venta de piso en Parque Ayala - Jardín de la Abadía - Huelín de 2 habitaciones con aire acondicionado,Parque Ayala - Jardín,199000.0,62.0,2.0,1.0,planta 3ª,No,yaencontre,Piso,buen estado,
75.0,visit,75.0,worth_visit,,https://www.idealista.com/inmueble/108850129/?utm_medium=socialmedia&utm_campaign=private_sendadtofriend&utm_source=notifications,Piso en venta en Cruz del Humilladero - Los Tilos,"Cruz de Humilladero, Málaga",225000.0,64.0,2.0,1.0,Planta 5ª exterior con ascensor,Sí,idealista,Piso,Segunda mano/buen estado,1970.0
75.0,visit,75.0,worth_visit,,https://www.idealista.com/inmueble/110912330/?utm_medium=socialmedia&utm_campaign=private_sendadtofriend&utm_source=notifications,Piso en venta en La Trinidad,"Centro, Málaga",230000.0,117.0,4.0,2.0,Planta 6ª exterior con ascensor,Sí,idealista,Piso,Segunda mano/buen estado,
75.0,visit,75.0,worth_visit,,https://www.idealista.com/inmueble/110677468/?utm_medium=socialmedia&utm_campaign=private_sendadtofriend&utm_source=notifications,Piso en venta en Calle Maestro Chapí,"Huelin, Málaga",239000.0,69.0,2.0,1.0,Planta 3ª exterior con ascensor,Sí,idealista,Piso,Segunda mano/para reformar,1967.0
75.0,visit,75.0,worth_visit,,https://www.yaencontre.com/venta/piso/inmueble-43586-106237493,Venta de piso en El Ejido - La Merced - La Victoria de 2 habitaciones con aire acondicionado y calefacción,El Ejido - La Merced - La Victoria,225000.0,54.0,2.0,1.0,planta 3ª,No,yaencontre,Piso,buen estado,1964.0
75.0,visit,75.0,worth_visit,,https://www.fotocasa.es/en/buy/home/malaga-capital/air-conditioning-heating-terrace-lift-not-furnished/189631313/d?stc=dis-sharead-sharead&utm_medium=social-share&utm_source=sharead&utm_campaign=sharead,"Apartments for sale in Calle María, Olletas - Sierra Blanquilla","Calle María, Olletas - Sierra Blanquilla",185000.0,41.0,1.0,1.0,1st floor,Sí,fotocasa,Piso,Buen estado,
75.0,visit,75.0,worth_visit,,https://www.idealista.com/inmueble/108128775/?utm_medium=socialmedia&utm_campaign=private_sendadtofriend&utm_source=notifications,Piso en venta en Olletas - Sierra Blanquilla,"Centro, Málaga",170000.0,69.0,2.0,1.0,,,idealista,Piso,Segunda mano/para reformar,
75.0,visit,75.0,worth_visit,,https://www.idealista.com/inmueble/110444210/?utm_medium=socialmedia&utm_campaign=private_sendadtofriend&utm_source=notifications,Piso en venta en Calle Genoveses,"La Florida - Parque norte, Málaga",113000.0,98.0,3.0,2.0,,,idealista,Piso,Segunda mano/buen estado,
75.0,visit,75.0,worth_visit,,https://www.fotocasa.es/en/buy/home/malaga-capital/lift/189610662/d?stc=dis-sharead-sharead&utm_medium=social-share&utm_source=sharead&utm_campaign=sharead,Flat for sale in Dos Hermanas - Nuevo San Andrés,Dos Hermanas - Nuevo San Andrés,212000.0,77.0,3.0,1.0,5th floor,Sí,fotocasa,Piso,,
75.0,visit,75.0,worth_visit,,https://www.fotocasa.es/en/buy/home/malaga-capital/lift-patio-not-furnished/189402103/d?stc=dis-sharead-sharead&utm_medium=social-share&utm_source=sharead&utm_campaign=sharead,"Ground floor for sale in Ingeniero la Cierva, La Luz - El Torcal","Ingeniero la Cierva, La Luz - El Torcal",190000.0,80.0,2.0,1.0,,Sí,fotocasa,Piso,,
75.0,visit,75.0,worth_visit,,https://www.fotocasa.es/en/buy/home/malaga-capital/lift-patio-not-furnished/189594894/d?stc=dis-sharead-sharead&utm_medium=social-share&utm_source=sharead&utm_campaign=sharead,"Flat for sale in Calle Santa Marta, 3, La Unión - Cruz de Humilladero - Los Tilos","Calle Santa Marta, 3, La Unión - Cruz de Humilladero - Los Tilos",203000.0,69.0,2.0,1.0,1st floor,Sí,fotocasa,Piso,,
75.0,visit,75.0,worth_visit,,https://www.idealista.com/inmueble/108668045/?utm_medium=socialmedia&utm_campaign=private_sendadtofriend&utm_source=notifications,"Piso en venta en Calle Gran Cardenal, 3","Calvario, Torremolinos",199000.0,75.0,2.0,2.0,Planta 3ª exterior con ascensor,Sí,idealista,Piso,Segunda mano/buen estado,
75.0,visit,75.0,worth_visit,,https://www.idealista.com/inmueble/108949215/?utm_medium=socialmedia&utm_campaign=private_sendadtofriend&utm_source=notifications,Chalet pareado en venta en El Molinillo - Capuchinos,"Centro, Málaga",254900.0,66.0,2.0,1.0,,,idealista,Casa,Segunda mano/para reformar,1932.0
75.0,visit,75.0,worth_visit,,https://www.idealista.com/inmueble/109702033/?utm_medium=socialmedia&utm_campaign=private_sendadtofriend&utm_source=notifications,"Chalet pareado en venta en Calle Luque, 4","Olletas - Sierra Blanquilla, Málaga",205000.0,74.0,3.0,1.0,,,idealista,Casa,Segunda mano/buen estado,
75.0,visit,75.0,worth_visit,,https://www.idealista.com/inmueble/109298876/?utm_medium=socialmedia&utm_campaign=private_sendadtofriend&utm_source=notifications,"Piso en venta en Calle Pedro de Deza, 7","Olletas - Sierra Blanquilla, Málaga",200000.0,74.0,2.0,1.0,Planta 3ª exterior con ascensor,Sí,idealista,Piso,Segunda mano/para reformar,
75.0,visit,75.0,worth_visit,,https://www.fotocasa.es/en/buy/home/malaga-capital/la-luz-el-torcal/189622475/d?stc=dis-sharead-sharead&utm_medium=social-share&utm_source=sharead&utm_campaign=sharead,Flat for sale in La Luz - El Torcal,La Luz - El Torcal,204000.0,50.0,2.0,1.0,1st floor,No,fotocasa,Piso,Buen estado,
75.0,visit,75.0,worth_visit,,https://www.idealista.com/inmueble/110555012/?utm_medium=socialmedia&utm_campaign=private_sendadtofriend&utm_source=notifications,"Piso en venta en Calle Jacobo Laan, 4","Girón - Las Delicias - Pacífico, Málaga",165000.0,50.0,2.0,1.0,Planta 2ª exterior sin ascensor,No,idealista,Piso,Segunda mano/buen estado,1952.0
75.0,visit,75.0,worth_visit,,https://www.idealista.com/inmueble/110629104/?utm_medium=socialmedia&utm_campaign=private_sendadtofriend&utm_source=notifications,Piso en venta en La Merced,"Centro, Málaga",165000.0,62.0,1.0,1.0,Planta 1ª exterior sin ascensor,No,idealista,Piso,Segunda mano/buen estado,1977.0
75.0,visit,75.0,worth_visit,,https://www.idealista.com/inmueble/110601794/,Piso en venta en Calle Eduardo Torres Roybon,"Cruz del Humilladero - Los Tilos, Málaga",185000.0,81.0,2.0,1.0,Planta 6ª sin ascensor,No,idealista,Piso,Segunda mano/buen estado,1973.0
74.0,visit,74.0,worth_visit,,https://www.yaencontre.com/venta/piso/inmueble-79849-111499338?utm_source=social&utm_medium=social&utm_campaign=share-android-detail-photo,Venta de piso en La Luz - El Torcal de 3 habitaciones con terraza y aire acondicionado,La Luz - El Torcal,255000.0,85.0,3.0,1.0,,Sí,yaencontre,Piso,buen estado,1974.0
73.0,visit,73.0,worth_visit,,https://www.idealista.com/inmueble/111155365/?utm_medium=socialmedia&utm_campaign=private_sendadtofriend&utm_source=notifications,Casa o chalet independiente en venta en Nuevo San Andrés - Dos Hermanas,"Carretera de Cádiz, Málaga",259000.0,65.0,2.0,1.0,,,idealista,Casa,Segunda mano/buen estado,1970.0
73.0,visit,73.0,worth_visit,,https://www.yaencontre.com/venta/piso/inmueble-52152-111290263,Venta de piso en El Ejido - La Merced - La Victoria de 2 habitaciones con terraza y aire acondicionado,El Ejido - La Merced - La Victoria,199000.0,54.0,2.0,1.0,planta 3ª,No,yaencontre,Piso,buen estado,1965.0
73.0,visit,73.0,worth_visit,,https://www.tecnocasa.es/venta/piso/malaga/malaga/643358.html,Piso en venta en C. Carlos Falgueras,C. Carlos Falgueras,190000.0,63.0,,1.0,,Sí,tecnocasa,Piso,,1944.0
72.0,visit,72.0,worth_visit,,https://www.idealista.com/inmueble/111350366/foto/17/?utm_medium=socialmedia&utm_campaign=private_sendadpicturetofriend&utm_source=notifications,Piso en venta en Nuevo San Andrés - Dos Hermanas,"Carretera de Cádiz, Málaga",175000.0,56.0,3.0,1.0,Planta 4ª exterior sin ascensor,No,idealista,Piso,Segunda mano/buen estado,1961.0
72.0,visit,72.0,worth_visit,,https://www.idealista.com/inmueble/111365818/?utm_medium=socialmedia&utm_campaign=private_sendadtofriend&utm_source=notifications,"Piso en venta en Emilio Prados, 8","Girón - Las Delicias - Pacífico, Málaga",240000.0,80.0,3.0,1.0,Planta 2ª exterior con ascensor,Sí,idealista,Piso,Segunda mano/para reformar,1977.0
72.0,visit,72.0,worth_visit,,https://www.idealista.com/inmueble/111520772/?utm_medium=socialmedia&utm_campaign=private_sendadtofriend&utm_source=notifications,Piso en venta en Calle Comandante Román,"Girón - Las Delicias - Pacífico, Málaga",210000.0,58.0,3.0,1.0,Planta 1ª exterior sin ascensor,No,idealista,Piso,Segunda mano/buen estado,1965.0
72.0,visit,72.0,worth_visit,,https://www.idealista.com/inmueble/111415720/?utm_medium=socialmedia&utm_campaign=private_sendadtofriend&utm_source=notifications,Piso en venta en Huelin,"Carretera de Cádiz, Málaga",145000.0,53.0,3.0,1.0,Planta 3ª exterior sin ascensor,No,idealista,Piso,Segunda mano/buen estado,1956.0
72.0,visit,72.0,worth_visit,,https://www.idealista.com/inmueble/110661101/?utm_medium=socialmedia&utm_campaign=private_sendadtofriend&utm_source=notifications,Chalet adosado en venta en Calle Biznaga,"El Palo, Málaga",295000.0,71.0,2.0,1.0,,,idealista,Casa,Segunda mano/para reformar,1955.0
72.0,visit,72.0,worth_visit,,https://www.idealista.com/inmueble/111344147/,Piso en venta en Calle Alderete,"El Molinillo - Capuchinos, Málaga",222000.0,61.0,3.0,1.0,Planta 3ª exterior con ascensor,Sí,idealista,Piso,Segunda mano/para reformar,1967.0
72.0,visit,72.0,worth_visit,,https://www.idealista.com/inmueble/111257696/?utm_medium=socialmedia&utm_campaign=private_sendadtofriend&utm_source=notifications,Casa o chalet independiente en venta en Calle las Navas,"Huelin, Málaga",250000.0,80.0,2.0,1.0,,,idealista,Casa,Segunda mano/para reformar,1990.0
72.0,visit,72.0,worth_visit,,https://www.yaencontre.com/venta/piso/inmueble-66249-111344147,Piso en venta en El Molinillo - Capuchinos de 3 habitaciones con balcón y ascensor,El Molinillo - Capuchinos,222000.0,61.0,3.0,1.0,planta 3ª,Sí,yaencontre,Piso,por reformar,1967.0
72.0,visit,72.0,worth_visit,,https://www.idealista.com/inmueble/110854590/,Chalet pareado en venta en Calle Biznaga,"El Palo, Málaga",150000.0,25.0,1.0,1.0,,,idealista,Casa,Segunda mano/buen estado,1940.0
72.0,visit,72.0,worth_visit,,https://www.idealista.com/inmueble/111337795/foto/3/,Piso en venta en Calle Paco Miranda s/n,"Cristo de la Epidemia, Málaga",239000.0,70.0,3.0,1.0,Planta 3ª exterior con ascensor,Sí,idealista,Piso,Segunda mano/para reformar,1981.0
72.0,visit,72.0,worth_visit,,https://www.fotocasa.es/en/buy/home/malaga-capital/dos-hermanas-nuevo-san-andres/189467628/d?stc=dis-sharead-sharead&utm_medium=social-share&utm_source=sharead&utm_campaign=sharead,"Flat for sale in Calle Concejal Masso Roura, 4, Dos Hermanas - Nuevo San Andrés","Calle Concejal Masso Roura, 4, Dos Hermanas - Nuevo San Andrés",175000.0,56.0,3.0,1.0,,No,fotocasa,Piso,Buen estado,
72.0,visit,72.0,worth_visit,,https://www.idealista.com/inmueble/111355619/,Piso en venta en La Luz,"Carretera de Cádiz, Málaga",225000.0,75.0,2.0,1.0,Planta 7ª exterior con ascensor,Sí,idealista,Piso,Segunda mano/para reformar,
72.0,visit,72.0,worth_visit,,https://www.idealista.com/inmueble/111337571/?utm_medium=socialmedia&utm_campaign=private_sendadtofriend&utm_source=notifications,"Piso en venta en Doña Trinidad De, 10","Perchel norte, Málaga",99900.0,27.0,1.0,1.0,Planta 2ª exterior con ascensor,Sí,idealista,Piso,Segunda mano/buen estado,2006.0
72.0,visit,72.0,worth_visit,,https://www.tecnocasa.es/venta/piso/malaga/malaga/653845.html,Piso en venta en Teatinos - Portada Alta - Carlos Haya,Teatinos - Portada Alta - Carlos Haya,179900.0,60.0,2.0,1.0,,No,tecnocasa,Piso,Para entrar a vivir,1976.0
72.0,visit,72.0,worth_visit,,https://www.tecnocasa.es/venta/piso/malaga/malaga/654745.html,Piso en venta en Ciudad Jardín,Ciudad Jardín,78500.0,104.0,,1.0,,No,tecnocasa,Piso,,1975.0
70.0,visit,70.0,worth_visit,,https://www.fotocasa.es/es/comprar/vivienda/malaga-capital/aire-acondicionado-ascensor-amueblado/189661125/d?isGalleryOpen=true&from=list&multimedia=image,Piso en venta en Puerta Blanca,Puerta Blanca,225000.0,,,,,,fotocasa,Piso,,
70.0,visit,70.0,worth_visit,,https://www.fotocasa.es/es/comprar/vivienda/malaga-capital/terraza-no-amueblado/189481164/d,"Casa adosada en venta en Calle Loberos, Dos Hermanas - Nuevo San Andrés","Calle Loberos, Dos Hermanas - Nuevo San Andrés",245000.0,65.0,,,,,fotocasa,Casa,,
70.0,visit,70.0,worth_visit,,https://malaga4.tecnocasa.es/malaga/piso-en-venta-643358,Piso en venta en C. Carlos Falgueras,C. Carlos Falgueras,190000.0,63.0,2.0,1.0,,Sí,tecnocasa,Piso,,2005.0
70.0,visit,70.0,worth_visit,,https://www.fotocasa.es/en/buy/home/malaga-capital/puerta-blanca/189687813/d?stc=dis-sharead-sharead&utm_medium=social-share&utm_source=sharead&utm_campaign=sharead,Flat for sale in Puerta Blanca,Puerta Blanca,219990.0,57.0,3.0,1.0,,No,fotocasa,Piso,,
70.0,visit,70.0,worth_visit,,https://www.fotocasa.es/es/comprar/vivienda/malaga-capital/aire-acondicionado-calefaccion/189665029/d?stc=dis-sharead-sharead&utm_medium=social-share&utm_source=sharead&utm_campaign=sharead,"Planta baja en venta en Avenida de José Ortega y Gasset, La Unión - Cruz de Humilladero - Los Tilos","Avenida de José Ortega y Gasset, La Unión - Cruz de Humilladero - Los Tilos",189000.0,79.0,2.0,,,,fotocasa,Piso,,
65.0,price,65.0,price_only,,https://www.fotocasa.es/es/comprar/vivienda/torremolinos/ascensor/189266060/d?stc=dis-sharead-sharead&utm_medium=social-share&utm_source=sharead&utm_campaign=sharead,"Piso en venta en Calle Marqués de Salamanca, 3, Manantiales - Estación de Autobuses","Calle Marqués de Salamanca, 3, Manantiales - Estación de Autobuses",200000.0,80.0,3.0,,,,fotocasa,Piso,,
65.0,price,65.0,price_only,,https://www.idealista.com/inmueble/111257696/,Casa o chalet independiente en venta en Calle las Navas,"Huelin, Málaga",250000.0,80.0,2.0,1.0,,,idealista,Casa,Segunda mano/para reformar,1990.0
65.0,price,65.0,price_only,,https://www.idealista.com/inmueble/111223782/?utm_medium=socialmedia&utm_campaign=private_sendadtofriend&utm_source=notifications,Piso en venta en Calle Carnicerito,"Vistafranca, Málaga",190000.0,70.0,2.0,1.0,,,idealista,Piso,Segunda mano/para reformar,
65.0,price,65.0,price_only,,https://www.yaencontre.com/venta/piso/inmueble-42051-Promo-6-108361158?utm_source=social&utm_medium=social&utm_campaign=share-android-detail-photo,Piso nuevo en venta en calle Jerónimo Bobadilla con aire acondicionado y ascensor,calle Jerónimo Bobadilla con aire acondicionado y ascensor,229000.0,49.0,1.0,,planta 2ª,Sí,yaencontre,Piso,,
65.0,price,65.0,price_only,,https://www.idealista.com/inmueble/108949215/,Chalet pareado en venta en El Molinillo - Capuchinos,"Centro, Málaga",254900.0,66.0,2.0,1.0,,,idealista,Casa,Segunda mano/para reformar,1932.0
65.0,price,65.0,price_only,,https://www.idealista.com/inmueble/111294553/?utm_medium=socialmedia&utm_campaign=private_sendadtofriend&utm_source=notifications,"Piso en venta en Calle Rodríguez Cansino, 2","Conde de Ureña, Málaga",180000.0,52.0,2.0,1.0,,,idealista,Piso,Segunda mano/para reformar,
65.0,price,65.0,price_only,,https://www.idealista.com/inmueble/110541103/?utm_medium=socialmedia&utm_campaign=private_sendadtofriend&utm_source=notifications,Chalet pareado en venta en Cruz del Humilladero - Los Tilos,"Cruz de Humilladero, Málaga",270000.0,111.0,4.0,2.0,,,idealista,Casa,Segunda mano/para reformar,1950.0
65.0,price,65.0,price_only,,https://www.fotocasa.es/en/buy/home/malaga-capital/furnished/189517649/d?stc=dis-sharead-sharead&utm_medium=social-share&utm_source=sharead&utm_campaign=sharead,"Ground floor for sale in Caleseras, La Unión - Cruz de Humilladero - Los Tilos","Caleseras, La Unión - Cruz de Humilladero - Los Tilos",209000.0,61.0,3.0,1.0,,No,fotocasa,Piso,,
65.0,price,65.0,price_only,,https://www.yaencontre.com/venta/piso/inmueble-89660-110837708?utm_source=social&utm_medium=social&utm_campaign=share-android-detail-photo,Venta de piso en La Luz - El Torcal de 3 habitaciones con terraza y ascensor,La Luz - El Torcal,234500.0,89.0,3.0,1.0,planta 7ª,Sí,yaencontre,Piso,por reformar,
65.0,price,65.0,price_only,,https://www.yaencontre.com/venta/piso/inmueble-43387-111303826,Piso en venta en La Unión - Cruz de Humilladero - Los Tilos de 3 habitaciones con terraza y ascensor,La Unión - Cruz,199900.0,76.0,3.0,1.0,planta 5ª,Sí,yaencontre,Piso,buen estado,
65.0,price,65.0,price_only,,https://www.fotocasa.es/en/buy/home/malaga-capital/lift-furnished/189719936/d?stc=dis-sharead-sharead&utm_medium=social-share&utm_source=sharead&utm_campaign=sharead,Flat for sale in Portada Alta - Pol. Crta. De Cártama,Portada Alta - Pol. Crta. De Cártama,220000.0,88.0,3.0,1.0,3rd floor,Sí,fotocasa,Piso,,
65.0,price,65.0,price_only,,https://www.pisos.com/comprar/piso-las_delicias_giron_25_anos_de_paz29003-60052750517_100500/,Piso en venta en Calle Alfonso Peña Beeuf,Calle Alfonso Peña Beeuf,109000.0,51.0,,1.0,1ª planta,,pisos,Piso,,
64.0,price,64.0,price_only,,https://www.fotocasa.es/en/buy/home/malaga-capital/heating/188993693/d?stc=dis-sharead-sharead&utm_medium=social-share&utm_source=sharead&utm_campaign=sharead,"Houses for sale in C. Pacheco Maldonado, Los Castillejos - La Trinidad","C. Pacheco Maldonado, Los Castillejos - La Trinidad",239000.0,51.0,2.0,1.0,,No,fotocasa,Casa,,
63.0,price,63.0,price_only,,https://www.yaencontre.com/venta/piso/inmueble-21204-110792603?utm_source=social&utm_medium=social&utm_campaign=share-android-detail-photo,Venta de piso en La Luz - El Torcal de 3 habitaciones y 69 m²,La Luz - El Torcal,199000.0,69.0,3.0,1.0,planta 3ª,No,yaencontre,Piso,por reformar,1971.0
63.0,price,63.0,price_only,,https://www.idealista.com/inmueble/110792896/?utm_medium=socialmedia&utm_campaign=private_sendadtofriend&utm_source=notifications,"Piso en venta en Calle Eduardo Torroja, 4","La Luz, Málaga",199000.0,69.0,3.0,1.0,Planta 3ª exterior sin ascensor,No,idealista,Piso,Segunda mano/para reformar,1971.0
62.0,price,62.0,price_only,,https://www.yaencontre.com/venta/piso/inmueble-88427-111224010?utm_source=social&utm_medium=social&utm_campaign=share-android-detail-photo,Venta de piso en La Luz - El Torcal de 2 habitaciones y 50 m²,La Luz - El Torcal,211000.0,50.0,2.0,1.0,planta 4ª,No,yaencontre,Piso,por reformar,
62.0,price,62.0,price_only,,https://www.idealista.com/inmueble/110800634/?utm_medium=socialmedia&utm_campaign=private_sendadtofriend&utm_source=notifications,Piso en venta en CL Niño Jesus De Praga,"Los Guindos - Parque Mediterráneo - Santa Paula, Málaga",205000.0,93.0,3.0,1.0,,,idealista,Piso,Segunda mano/para reformar,1963.0
58.0,discard,58.0,discard,,https://www.idealista.com/inmueble/111263390/?utm_medium=socialmedia&utm_campaign=private_sendadtofriend&utm_source=notifications,Piso en venta en Calle Virgen del Sagrario,"Carranque - Haza Cuevas, Málaga",150000.0,68.0,3.0,1.0,Planta 1ª exterior sin ascensor,No,idealista,Piso,Segunda mano/para reformar,1958.0
0.0,discard,0.0,discard,,https://www.fotocasa.es/en/rental/home/malaga-capital/lift-furnished/181749506/d?stc=dis-sharead-sharead&utm_medium=social-share&utm_source=sharead&utm_campaign=sharead,"Flat for rent in Calle Casarabonela, Santa Cristina - San Rafael","Calle Casarabonela, Santa Cristina - San Rafael",,55.0,1.0,1.0,1st floor,Sí,fotocasa,Casa,,
0.0,discard,0.0,discard,,https://www.yaencontre.com/venta/piso/inmueble-85851-108989485?utm_source=social&utm_medium=social&utm_campaign=share-android-detail-photo,Venta de piso en Centro Histórico de 3 habitaciones con terraza y aire acondicionado,Centro Histórico,,,,,,No,yaencontre,Piso,,
0.0,discard,0.0,discard,,https://www.fotocasa.es/es/comprar/vivienda/malaga-capital/ascensor-amueblado/189514067/d?stc=dis-sharead-sharead&utm_medium=social-share&utm_source=sharead&utm_campaign=sharead,Piso en venta en Olletas - Sierra Blanquilla,Olletas - Sierra Blanquilla,195000.0,,,,,,fotocasa,Piso,,
0.0,discard,0.0,discard,,https://www.idealista.com/inmueble/106811791/?utm_medium=socialmedia&utm_campaign=private_sendadtofriend&utm_source=notifications,,,,,,,,,idealista,Piso,,
0.0,discard,0.0,discard,,https://www.idealista.com/inmueble/110816512/,,,,,,,,,idealista,Piso,,
0.0,discard,0.0,discard,,https://www.idealista.com/inmueble/110781820/?utm_medium=socialmedia&utm_campaign=private_sendadtofriend&utm_source=notifications,,,,,,,,,idealista,Piso,,
0.0,discard,0.0,discard,,https://www.yaencontre.com/venta/piso/inmueble-40905-109042507?utm_source=social&utm_medium=social&utm_campaign=share-android-detail-photo,Venta de piso en El Ejido - La Merced - La Victoria de 2 habitaciones con terraza y balcón,El Ejido - La Merced - La Victoria,,,,,,No,yaencontre,Piso,,
0.0,discard,0.0,discard,,https://www.yaencontre.com/venta/piso/inmueble-40905-109042242?utm_source=social&utm_medium=social&utm_campaign=share-android-detail-photo,Venta de piso en El Ejido - La Merced - La Victoria de 2 habitaciones con terraza y balcón,El Ejido - La Merced - La Victoria,,,,,,No,yaencontre,Piso,,
0.0,discard,0.0,discard,,https://www.yaencontre.com/venta/piso/inmueble-43822-109003348?utm_source=social&utm_medium=social&utm_campaign=share-android-detail-photo,Venta de piso en Centro Histórico de 2 habitaciones con balcón y aire acondicionado,Centro Histórico,,,,,,No,yaencontre,Piso,,
0.0,discard,0.0,discard,,https://www.yaencontre.com/venta/piso/inmueble-69029-110886907,Piso en venta en La Unión - Cruz de Humilladero - Los Tilos de 2 habitaciones con terraza y ascensor,La Unión - Cruz,,,,,,No,yaencontre,Piso,,
0.0,discard,0.0,discard,,https://www.yaencontre.com/venta/casa/inmueble-81278-108238524,Casa en venta en Olletas - Sierra Blanquilla de 2 habitaciones y 74 m²,Olletas - Sierra Blanquilla,,,,,,No,yaencontre,Casa,,
0.0,discard,0.0,discard,,https://www.fotocasa.es/en/buy/home/malaga-capital/air-conditioning/189689819/d?stc=dis-sharead-sharead&utm_medium=social-share&utm_source=sharead&utm_campaign=sharead,"Flat for sale in Avenida de la Paloma, Girón - Las Delicias","Avenida de la Paloma, Girón - Las Delicias",215000.0,61.0,3.0,1.0,15th floor,No,fotocasa,Piso,,
0.0,discard,0.0,discard,,https://www.idealista.com/inmueble/110707372/?utm_medium=socialmedia&utm_campaign=private_sendadtofriend&utm_source=notifications,,,,,,,,,idealista,Piso,,
0.0,discard,0.0,discard,,https://www.idealista.com/inmueble/110090053/?utm_medium=socialmedia&utm_campaign=private_sendadtofriend&utm_source=notifications,,,,,,,,,idealista,Piso,,
,,0.0,discard,,https://www.idealista.com/inmueble/110411266/?utm_medium=socialmedia&utm_campaign=private_sendadtofriend&utm_source=notifications,Piso en venta en Calle Rodrigo,"Calvario, Torremolinos",190000.0,75.0,3.0,1.0,Planta 1ª exterior sin ascensor,No,idealista,Piso,Segunda mano/buen estado,
0.0,discard,0.0,discard,,https://www.fotocasa.es/es/comprar/vivienda/malaga-capital/ascensor-amueblado/188325672/d?stc=dis-sharead-sharead&utm_medium=social-share&utm_source=sharead&utm_campaign=sharead,"Piso en venta en Calle Olletas, 12, Olletas - Sierra Blanquilla","Calle Olletas, 12, Olletas - Sierra Blanquilla",199000.0,,,,,,fotocasa,Piso,,
0.0,discard,0.0,discard,,https://www.fotocasa.es/es/comprar/vivienda/malaga-capital/terraza/186027635/d?stc=dis-sharead-sharead&utm_medium=social-share&utm_source=sharead&utm_campaign=sharead,"Casa adosada en venta en C. Serrano Parres, Barrio de Ciudad Jardín","C. Serrano Parres, Barrio de Ciudad Jardín",200000.0,138.0,,,,,fotocasa,Casa,,
0.0,discard,0.0,discard,,https://www.pisos.com/comprar/casa-capuchinos_la_goleta_el_molinillo_segalerva29014-46703746592_101800/,"Casas en Cortijo Bazán-Los Casinis-Los Cipreses, Distrito Ciudad Jardín. Málaga Capital","Cortijo Bazán-Los Casinis-Los Cipreses, Distrito Ciudad Jardín. Málaga Capital",,,,,,,pisos,Casa,,
0.0,discard,0.0,discard,,https://www.fotocasa.es/es/comprar/vivienda/malaga-capital/barrio-de-ciudad-jardin/189636478/d?stc=dis-sharead-sharead&utm_medium=social-share&utm_source=sharead&utm_campaign=sharead,,,,,,,,,fotocasa,Piso,,
0.0,discard,0.0,discard,,https://www.fotocasa.es/en/rental/home/malaga-capital/furnished-television/188772226/d?stc=dis-sharead-sharead&utm_medium=social-share&utm_source=sharead&utm_campaign=sharead,"Apartments for rent in Calle Garcerán, 26, Parque Ayala - Jardín de la Abadía - Huelín","Calle Garcerán, 26, Parque Ayala - Jardín de la Abadía - Huelín",,40.0,1.0,1.0,,No,fotocasa,Piso,,
0.0,discard,0.0,discard,,https://www.pisos.com/comprar/casa-capuchinos_la_goleta_el_molinillo_segalerva29014-48383963276_500525/,"Casas en Capuchinos-La Goleta-El Molinillo-Segalerva, Distrito Centro. Málaga Capital","Capuchinos-La Goleta-El Molinillo-Segalerva, Distrito Centro. Málaga Capital",,,,,,,pisos,Casa,,
0.0,discard,0.0,discard,,https://www.pisos.com/comprar/casa-el_ejido_cristo_de_la_epidemia_olletas_san_miguel2-45917113966_104700/,"Casas en El Ejido-Cristo de la Epidemia-Olletas-San Miguel, Distrito Centro. Málaga Capital","El Ejido-Cristo de la Epidemia-Olletas-San Miguel, Distrito Centro. Málaga Capital",,,,,,,pisos,Casa,,
-1.0,more_info,0.0,worth_visit,,https://www.pisos.com/comprar/casa-la_victoria_conde_urena29013-43399803394_104700/,"Casa en venta en Málaga, Zona de - Centro , Distrito - Centro Histórico","Málaga, Zona de - Centro , Distrito - Centro Histórico",510000.0,215.0,,4.0,,,pisos,Casa,,
0.0,discard,0.0,discard,,https://www.fotocasa.es/es/comprar/vivienda/malaga-capital/terraza-patio/185895393/d?isGalleryOpen=true&multimedia=image&isZoomGalleryOpen=true,,,,,,,,,fotocasa,Piso,,
0.0,discard,0.0,discard,,https://www.fotocasa.es/en/rental/home/malaga-capital/parking-garden-terrace-furnished/189484023/d?stc=dis-sharead-sharead&utm_medium=social-share&utm_source=sharead&utm_campaign=sharead,,,,,,,,,fotocasa,Piso,,
0.0,discard,0.0,discard,,https://www.tecnocasa.es/venta/piso/malaga/malaga/608533.html,,,,,,,,No,tecnocasa,Piso,,
0.0,discard,0.0,discard,,https://www.fotocasa.es/es/comprar/vivienda/malaga-capital/terraza-trastero-patio/178356222/d,"Casa adosada en venta en Calle Miguel de Unamuno, 8, El Molinillo - Capuchinos","Calle Miguel de Unamuno, 8, El Molinillo - Capuchinos",208000.0,,,,,,fotocasa,Casa,,
0.0,discard,0.0,discard,,https://www.fotocasa.es/es/comprar/vivienda/rincon-de-la-victoria/jardin-terraza-trastero/189533706/d?stc=dis-sharead-sharead&utm_medium=social-share&utm_source=sharead&utm_campaign=sharead,,,,,,,,,fotocasa,Piso,,
0.0,discard,0.0,discard,,https://www.fotocasa.es/es/comprar/vivienda/malaga-capital/calefaccion/188993693/d,"Casa o chalet en venta en C. Pacheco Maldonado, Los Castillejos - La Trinidad","C. Pacheco Maldonado, Los Castillejos - La Trinidad",239000.0,,,,,,fotocasa,Casa,,
0.0,discard,0.0,discard,,https://www.fotocasa.es/es/comprar/vivienda/malaga-capital/giron-las-delicias/188512462/d,"Piso en venta en C. Lepanto, Girón - Las Delicias","C. Lepanto, Girón - Las Delicias",216000.0,,3.0,,,,fotocasa,Piso,,
0.0,discard,0.0,discard,,https://www.fotocasa.es/es/comprar/vivienda/malaga-capital/terraza/187300569/d,,,,,,,,,fotocasa,Piso,,
0.0,discard,0.0,discard,,https://www.fotocasa.es/en/buy/home/malaga-capital/heating-terrace-lift/189696494/d?stc=dis-sharead-sharead&utm_medium=social-share&utm_source=sharead&utm_campaign=sharead,,,,,,,,,fotocasa,Piso,,
0.0,discard,0.0,discard,,https://www.yaencontre.com/venta/piso/inmueble-43200-106752978,Venta de piso en Conde de Ureña - Monte Gibralfaro de 2 habitaciones con aire acondicionado y calefacción,Conde,,,,,,No,yaencontre,Piso,,
0.0,discard,0.0,discard,,https://www.idealista.com/inmueble/110707514/?utm_medium=socialmedia&utm_campaign=private_sendadtofriend&utm_source=notifications,,,,,,,,,idealista,Piso,,
