https://www.fotocasa.es/en/buy/home/malaga-capital/dos-hermanas-nuevo-san-andres/189467628/d?stc=dis-sharead-sharead&utm_medium=social-share&utm_source=sharead&utm_campaign=sharead,
https://www.fotocasa.es/en/buy/home/malaga-capital/heating/188993693/d?stc=dis-sharead-sharead&utm_medium=social-share&utm_source=sharead&utm_campaign=sharead,
https://www.fotocasa.es/en/buy/home/malaga-capital/lift-patio-not-furnished/189402103/d?stc=dis-sharead-sharead&utm_medium=social-share&utm_source=sharead&utm_campaign=sharead,
https://www.fotocasa.es/en/buy/home/malaga-capital/puerta-blanca/189687813/d?stc=dis-sharead-sharead&utm_medium=social-share&utm_source=sharead&utm_campaign=sharead,
https://www.fotocasa.es/es/comprar/vivienda/malaga-capital/terraza/186027635/d?stc=dis-sharead-sharead&utm_medium=social-share&utm_source=sharead&utm_campaign=sharead,
https://www.idealista.com/inmueble/106811791/?utm_medium=socialmedia&utm_campaign=private_sendadtofriend&utm_source=notifications,
https://www.idealista.com/inmueble/108128775/?utm_medium=socialmedia&utm_campaign=private_sendadtofriend&utm_source=notifications,
https://www.idealista.com/inmueble/108445895/?utm_medium=socialmedia&utm_campaign=private_sendadtofriend&utm_source=notifications,
https://www.idealista.com/inmueble/108668045/?utm_medium=socialmedia&utm_campaign=private_sendadtofriend&utm_source=notifications,
https://www.idealista.com/inmueble/108949215/?utm_medium=socialmedia&utm_campaign=private_sendadtofriend&utm_source=notifications,
https://www.idealista.com/inmueble/109298876/?utm_medium=socialmedia&utm_campaign=private_sendadtofriend&utm_source=notifications,
https://www.idealista.com/inmueble/109702033/?utm_medium=socialmedia&utm_campaign=private_sendadtofriend&utm_source=notifications,
https://www.idealista.com/inmueble/109801070/?utm_medium=socialmedia&utm_campaign=private_sendadtofriend&utm_source=notifications,
https://www.idealista.com/inmueble/110401569/?utm_medium=socialmedia&utm_campaign=private_sendadtofriend&utm_source=notifications,no
https://www.idealista.com/inmueble/110411266/?utm_medium=socialmedia&utm_campaign=private_sendadtofriend&utm_source=notifications,
https://www.idealista.com/inmueble/110444210/?utm_medium=socialmedia&utm_campaign=private_sendadtofriend&utm_source=notifications,
https://www.idealista.com/inmueble/110541103/?utm_medium=socialmedia&utm_campaign=private_sendadtofriend&utm_source=notifications,
https://www.idealista.com/inmueble/110555012/?utm_medium=socialmedia&utm_campaign=private_sendadtofriend&utm_source=notifications,
https://www.idealista.com/inmueble/110601794/,
https://www.idealista.com/inmueble/110629104/?utm_medium=socialmedia&utm_campaign=private_sendadtofriend&utm_source=notifications,
https://www.idealista.com/inmueble/110661101/?utm_medium=socialmedia&utm_campaign=private_sendadtofriend&utm_source=notifications,
https://www.idealista.com/inmueble/110734010/?utm_medium=socialmedia&utm_campaign=private_sendadtofriend&utm_source=notifications,
https://www.idealista.com/inmueble/110792896/?utm_medium=socialmedia&utm_campaign=private_sendadtofriend&utm_source=notifications,
https://www.idealista.com/inmueble/110800634/?utm_medium=socialmedia&utm_campaign=private_sendadtofriend&utm_source=notifications,
https://www.idealista.com/inmueble/110861588/?utm_medium=socialmedia&utm_campaign=private_sendadtofriend&utm_source=notifications,
https://www.idealista.com/inmueble/110896255/?utm_medium=socialmedia&utm_campaign=private_sendadtofriend&utm_source=notifications,
https://www.idealista.com/inmueble/110912330/?utm_medium=socialmedia&utm_campaign=private_sendadtofriend&utm_source=notifications,
https://www.idealista.com/inmueble/110954486/?utm_medium=socialmedia&utm_campaign=private_sendadtofriend&utm_source=notifications,
https://www.idealista.com/inmueble/111041191/?utm_medium=socialmedia&utm_campaign=private_sendadtofriend&utm_source=notifications,
https://www.idealista.com/inmueble/111133940/?utm_medium=socialmedia&utm_campaign=private_sendadtofriend&utm_source=notifications,
https://www.idealista.com/inmueble/111139401/foto/7/?utm_medium=socialmedia&utm_campaign=private_sendadpicturetofriend&utm_source=notifications,
https://www.idealista.com/inmueble/111150953/?utm_medium=socialmedia&utm_campaign=private_sendadtofriend&utm_source=notifications,
https://www.idealista.com/inmueble/111155365/?utm_medium=socialmedia&utm_campaign=private_sendadtofriend&utm_source=notifications,
https://www.idealista.com/inmueble/111201106/?utm_medium=socialmedia&utm_campaign=private_sendadtofriend&utm_source=notifications,
https://www.idealista.com/inmueble/111223782/?utm_medium=socialmedia&utm_campaign=private_sendadtofriend&utm_source=notifications,
https://www.idealista.com/inmueble/111257465/,
https://www.idealista.com/inmueble/111257696/?utm_medium=socialmedia&utm_campaign=private_sendadtofriend&utm_source=notifications,
https://www.idealista.com/inmueble/111263390/?utm_medium=socialmedia&utm_campaign=private_sendadtofriend&utm_source=notifications,
https://www.idealista.com/inmueble/111294553/?utm_medium=socialmedia&utm_campaign=private_sendadtofriend&utm_source=notifications,
https://www.idealista.com/inmueble/111303826/,
https://www.idealista.com/inmueble/111337571/?utm_medium=socialmedia&utm_campaign=private_sendadtofriend&utm_source=notifications,
https://www.idealista.com/inmueble/111344945/?utm_medium=socialmedia&utm_campaign=private_sendadtofriend&utm_source=notifications,
https://www.idealista.com/inmueble/111350366/foto/17/?utm_medium=socialmedia&utm_campaign=private_sendadpicturetofriend&utm_source=notifications,
https://www.idealista.com/inmueble/111377384/?utm_medium=socialmedia&utm_campaign=private_sendadtofriend&utm_source=notifications,
https://www.idealista.com/inmueble/111391129/?utm_medium=socialmedia&utm_campaign=private_sendadtofriend&utm_source=notifications,
https://www.idealista.com/inmueble/111393207/?utm_medium=socialmedia&utm_campaign=private_sendadtofriend&utm_source=notifications,
https://www.idealista.com/inmueble/111482962/?utm_medium=socialmedia&utm_campaign=private_sendadtofriend&utm_source=notifications,
https://www.idealista.com/inmueble/97871188/?utm_medium=socialmedia&utm_campaign=private_sendadtofriend&utm_source=notifications,
https://www.pisos.com/comprar/piso-las_delicias_giron_25_anos_de_paz29003-60052750517_100500/,
https://www.pisos.com/comprar/piso-las_delicias_giron_25_anos_de_paz29003-61745348897_996965/?from_map=true,
https://www.tecnocasa.es/venta/piso/malaga/malaga/653845.html,
https://www.yaencontre.com/venta/piso/inmueble-52152-111290263,
https://www.yaencontre.com/venta/piso/inmueble-43586-106237493,
https://www.yaencontre.com/venta/piso/inmueble-66249-111344147,
https://www.yaencontre.com/venta/piso/inmueble-43200-106752978,
https://www.yaencontre.com/venta/piso/inmueble-36105-107761932,
https://www.yaencontre.com/venta/piso/inmueble-69029-110144529,
https://www.yaencontre.com/venta/piso/inmueble-69029-110886907,
https://www.yaencontre.com/venta/piso/inmueble-69029-111321985,
https://www.yaencontre.com/venta/piso/inmueble-87520-111472809,
https://www.yaencontre.com/venta/piso/inmueble-41382-109653443,
https://www.yaencontre.com/venta/piso/inmueble-43387-111303826,
https://www.yaencontre.com/venta/piso/inmueble-41932-110949756,
https://www.idealista.com/inmueble/108439614/,
https://www.idealista.com/inmueble/108696698/?utm_medium=socialmedia&utm_campaign=private_sendadtofriend&utm_source=notifications,
https://www.pisos.com/comprar/casa-capuchinos_la_goleta_el_molinillo_segalerva29014-46703746592_101800/,
https://www.yaencontre.com/venta/piso/inmueble-40905-109042507?utm_source=social&utm_medium=social&utm_campaign=share-android-detail-photo,
https://www.yaencontre.com/venta/piso/inmueble-40905-109042242?utm_source=social&utm_medium=social&utm_campaign=share-android-detail-photo,
https://www.yaencontre.com/venta/piso/inmueble-85851-108989485?utm_source=social&utm_medium=social&utm_campaign=share-android-detail-photo,
https://www.yaencontre.com/venta/piso/inmueble-43822-109003348?utm_source=social&utm_medium=social&utm_campaign=share-android-detail-photo,
https://www.yaencontre.com/venta/casa/inmueble-81278-108238524,
https://www.fotocasa.es/es/comprar/vivienda/malaga-capital/terraza-trastero-patio/178356222/d,
https://www.idealista.com/inmueble/107645958/?utm_medium=socialmedia&utm_campaign=private_sendadtofriend&utm_source=copiedLink,
https://www.idealista.com/inmueble/106526852/?utm_medium=socialmedia&utm_campaign=private_sendadtofriend&utm_source=copiedLink,
https://www.fotocasa.es/es/comprar/vivienda/malaga-capital/terraza/187300569/d,
https://www.fotocasa.es/es/comprar/vivienda/malaga-capital/terraza-patio/185895393/d?isGalleryOpen=true&multimedia=image&isZoomGalleryOpen=true,
https://www.idealista.com/inmueble/108546507/foto/1/,
https://www.tecnocasa.es/venta/piso/malaga/malaga/608533.html,
https://www.idealista.com/inmueble/109200987/?utm_medium=socialmedia&utm_campaign=private_sendadtofriend&utm_source=notifications,
https://www.idealista.com/inmueble/106337631/?utm_medium=socialmedia&utm_campaign=private_sendadtofriend&utm_source=notifications,
https://www.pisos.com/comprar/casa-este_el_palo29018-55931696823_104700/,
https://www.idealista.com/inmueble/109164028/,
https://www.pisos.com/comprar/casa-capuchinos_la_goleta_el_molinillo_segalerva29014-48383963276_500525/,
https://www.pisos.com/comprar/casa-el_ejido_cristo_de_la_epidemia_olletas_san_miguel2-45917113966_104700/,
https://www.pisos.com/comprar/casa-la_victoria_conde_urena29013-43399803394_104700/,
https://www.idealista.com/inmueble/109577418/?utm_medium=socialmedia&utm_campaign=private_sendadtofriend&utm_source=notifications,
https://www.idealista.com/inmueble/109712672/foto/3/?utm_medium=socialmedia&utm_campaign=private_sendadpicturetofriend&utm_source=notifications,
https://www.idealista.com/inmueble/101970757/?utm_medium=socialmedia&utm_campaign=private_sendadtofriend&utm_source=notifications,
https://www.idealista.com/inmueble/104938790/?utm_medium=socialmedia&utm_campaign=private_sendadtofriend&utm_source=notifications,
https://www.idealista.com/inmueble/110090053/?utm_medium=socialmedia&utm_campaign=private_sendadtofriend&utm_source=notifications,
https://www.idealista.com/inmueble/99772376/?utm_medium=socialmedia&utm_campaign=private_sendadtofriend&utm_source=notifications,
https://www.idealista.com/inmueble/110232454/?utm_medium=socialmedia&utm_campaign=private_sendadtofriend&utm_source=notifications,
https://www.idealista.com/inmueble/89704984/?utm_medium=socialmedia&utm_campaign=private_sendadtofriend&utm_source=notifications,
https://www.idealista.com/inmueble/108179633/?utm_medium=socialmedia&utm_campaign=private_sendadtofriend&utm_source=notifications,
https://www.idealista.com/inmueble/110352877/?utm_medium=socialmedia&utm_campaign=private_sendadtofriend&utm_source=notifications,
https://www.idealista.com/inmueble/110425815/?utm_medium=socialmedia&utm_campaign=private_sendadtofriend&utm_source=notifications,
https://www.idealista.com/inmueble/110384426/?utm_medium=socialmedia&utm_campaign=private_sendadtofriend&utm_source=notifications,
https://www.idealista.com/inmueble/1231193/?utm_medium=socialmedia&utm_campaign=private_sendadtofriend&utm_source=notifications,
https://m.habitaclia.com/i50849000000027,
https://m.habitaclia.com/i500006005797,
https://m.habitaclia.com/i30234000030216,
https://www.idealista.com/inmueble/97365010/foto/1/?utm_medium=socialmedia&utm_campaign=private_sendadpicturetofriend&utm_source=notifications,
https://www.idealista.com/inmueble/96426703/,
https://www.idealista.com/inmueble/110325298/?utm_medium=socialmedia&utm_campaign=private_sendadtofriend&utm_source=notifications,
https://www.idealista.com/inmueble/110707372/?utm_medium=socialmedia&utm_campaign=private_sendadtofriend&utm_source=notifications,
https://www.idealista.com/inmueble/110707514/?utm_medium=socialmedia&utm_campaign=private_sendadtofriend&utm_source=notifications,
https://www.idealista.com/inmueble/110760869/?utm_medium=socialmedia&utm_campaign=private_sendadtofriend&utm_source=notifications,
https://www.idealista.com/inmueble/110781820/?utm_medium=socialmedia&utm_campaign=private_sendadtofriend&utm_source=notifications,
https://www.idealista.com/inmueble/110797734/?utm_medium=socialmedia&utm_campaign=private_sendadtofriend&utm_source=notifications,
https://www.idealista.com/inmueble/110673031/?utm_medium=socialmedia&utm_campaign=private_sendadtofriend&utm_source=notifications,
https://www.idealista.com/inmueble/106903768/?utm_medium=socialmedia&utm_campaign=private_sendadtofriend&utm_source=notifications,
https://www.idealista.com/inmueble/110796048/?utm_medium=socialmedia&utm_campaign=private_sendadtofriend&utm_source=notifications,
https://www.idealista.com/inmueble/110816512/,
https://www.idealista.com/inmueble/110809485/?utm_medium=socialmedia&utm_campaign=private_sendadtofriend&utm_source=notifications,
https://www.idealista.com/inmueble/103881468/?utm_medium=socialmedia&utm_campaign=private_sendadtofriend&utm_source=notifications,
https://www.idealista.com/inmueble/104534746/?utm_medium=socialmedia&utm_campaign=private_sendadtofriend&utm_source=notifications,
https://www.idealista.com/inmueble/110751062/?utm_medium=socialmedia&utm_campaign=private_sendadtofriend&utm_source=notifications,
https://www.idealista.com/inmueble/110828981/?utm_medium=socialmedia&utm_campaign=private_sendadtofriend&utm_source=notifications,
https://www.idealista.com/inmueble/110629280/?utm_medium=socialmedia&utm_campaign=private_sendadtofriend&utm_source=notifications,
https://www.idealista.com/inmueble/95286869/?utm_medium=socialmedia&utm_campaign=private_sendadtofriend&utm_source=notifications,
https://www.idealista.com/inmueble/81396940/?utm_medium=socialmedia&utm_campaign=private_sendadtofriend&utm_source=notifications,
https://www.idealista.com/inmueble/105708475/?utm_medium=socialmedia&utm_campaign=private_sendadtofriend&utm_source=notifications,
https://www.idealista.com/inmueble/110835985/?utm_medium=socialmedia&utm_campaign=private_sendadtofriend&utm_source=notifications,
https://www.idealista.com/inmueble/110857782/?utm_medium=socialmedia&utm_campaign=private_sendadtofriend&utm_source=notifications,
https://www.idealista.com/inmueble/111316529/?utm_medium=socialmedia&utm_campaign=private_sendadtofriend&utm_source=notifications,
https://www.idealista.com/inmueble/110854590/,
https://www.idealista.com/inmueble/103770015/?utm_medium=socialmedia&utm_campaign=private_sendadtofriend&utm_source=notifications,
https://www.idealista.com/inmueble/111219821/?utm_medium=socialmedia&utm_campaign=private_sendadtofriend&utm_source=notifications,
https://www.idealista.com/inmueble/111275746/?utm_medium=socialmedia&utm_campaign=private_sendadtofriend&utm_source=notifications,
https://www.fotocasa.es/en/rental/home/malaga-capital/furnished-television/188772226/d?stc=dis-sharead-sharead&utm_medium=social-share&utm_source=sharead&utm_campaign=sharead,
https://www.fotocasa.es/en/rental/home/malaga-capital/lift-furnished/181749506/d?stc=dis-sharead-sharead&utm_medium=social-share&utm_source=sharead&utm_campaign=sharead,
https://www.fotocasa.es/en/rental/home/malaga-capital/parking-garden-terrace-furnished/189484023/d?stc=dis-sharead-sharead&utm_medium=social-share&utm_source=sharead&utm_campaign=sharead,
https://www.idealista.com/inmueble/108149326/?utm_medium=socialmedia&utm_campaign=private_sendadtofriend&utm_source=notifications,
https://www.fotocasa.es/es/comprar/vivienda/malaga-capital/barrio-de-ciudad-jardin/189636478/d?stc=dis-sharead-sharead&utm_medium=social-share&utm_source=sharead&utm_campaign=sharead,
https://www.fotocasa.es/es/comprar/vivienda/rincon-de-la-victoria/jardin-terraza-trastero/189533706/d?stc=dis-sharead-sharead&utm_medium=social-share&utm_source=sharead&utm_campaign=sharead,
https://www.pisos.com/comprar/piso-puerta_blanca_almudena_mainake-62592036997_100200/?from_map=true,
https://www.tecnocasa.es/venta/piso/malaga/malaga/654745.html,
https://www.tecnocasa.es/venta/piso/malaga/malaga/643358.html,
https://m.habitaclia.com/i25414000002825,
https://m.habitaclia.com/i21955000029976,
https://m.habitaclia.com/i23199000000658,
https://www.fotocasa.es/es/comprar/vivienda/malaga-capital/calefaccion/188993693/d,
https://www.idealista.com/inmueble/93653631/?utm_medium=socialmedia&utm_campaign=private_sendadtofriend&utm_source=notifications,
https://www.fotocasa.es/en/buy/home/malaga-capital/furnished/189517649/d?stc=dis-sharead-sharead&utm_medium=social-share&utm_source=sharead&utm_campaign=sharead,
https://www.fotocasa.es/es/comprar/vivienda/malaga-capital/giron-las-delicias/188512462/d,
https://www.fotocasa.es/es/comprar/vivienda/malaga-capital/aire-acondicionado-ascensor-amueblado/189661125/d?isGalleryOpen=true&from=list&multimedia=image,
https://www.idealista.com/inmueble/111423160/?utm_medium=socialmedia&utm_campaign=private_sendadtofriend&utm_source=notifications,
https://www.idealista.com/inmueble/111520772/?utm_medium=socialmedia&utm_campaign=private_sendadtofriend&utm_source=notifications,
https://www.fotocasa.es/en/buy/home/malaga-capital/lift-furnished/189719936/d?stc=dis-sharead-sharead&utm_medium=social-share&utm_source=sharead&utm_campaign=sharead,
https://www.fotocasa.es/en/buy/home/malaga-capital/heating-terrace-lift/189696494/d?stc=dis-sharead-sharead&utm_medium=social-share&utm_source=sharead&utm_campaign=sharead,
https://www.fotocasa.es/en/buy/home/malaga-capital/lift-patio-not-furnished/189594894/d?stc=dis-sharead-sharead&utm_medium=social-share&utm_source=sharead&utm_campaign=sharead,
https://www.fotocasa.es/en/buy/home/malaga-capital/lift/189610662/d?stc=dis-sharead-sharead&utm_medium=social-share&utm_source=sharead&utm_campaign=sharead,
https://www.idealista.com/inmueble/110794753/?utm_medium=socialmedia&utm_campaign=private_sendadtofriend&utm_source=notifications,
https://www.idealista.com/inmueble/111527328/?utm_medium=socialmedia&utm_campaign=private_sendadtofriend&utm_source=notifications,
https://www.fotocasa.es/es/comprar/vivienda/malaga-capital/terraza-no-amueblado/189481164/d,
https://www.idealista.com/inmueble/110605334/?utm_medium=socialmedia&utm_campaign=private_sendadtofriend&utm_source=notifications,
https://www.idealista.com/inmueble/111365818/?utm_medium=socialmedia&utm_campaign=private_sendadtofriend&utm_source=notifications,
https://www.idealista.com/inmueble/110803224/?utm_medium=socialmedia&utm_campaign=private_sendadtofriend&utm_source=notifications,
https://www.fotocasa.es/en/buy/home/malaga-capital/la-luz-el-torcal/189622475/d?stc=dis-sharead-sharead&utm_medium=social-share&utm_source=sharead&utm_campaign=sharead,
https://www.idealista.com/inmueble/111415720/?utm_medium=socialmedia&utm_campaign=private_sendadtofriend&utm_source=notifications,
https://www.idealista.com/inmueble/110677468/?utm_medium=socialmedia&utm_campaign=private_sendadtofriend&utm_source=notifications,
https://www.idealista.com/inmueble/111400740/?utm_medium=socialmedia&utm_campaign=private_sendadtofriend&utm_source=notifications,
https://www.idealista.com/inmueble/111220661/?utm_medium=socialmedia&utm_campaign=private_sendadtofriend&utm_source=notifications,
https://www.idealista.com/inmueble/108850129/?utm_medium=socialmedia&utm_campaign=private_sendadtofriend&utm_source=notifications,
https://www.idealista.com/inmueble/110552754/,
https://www.fotocasa.es/es/comprar/vivienda/torremolinos/ascensor/189266060/d?stc=dis-sharead-sharead&utm_medium=social-share&utm_source=sharead&utm_campaign=sharead,
https://www.fotocasa.es/es/comprar/vivienda/malaga-capital/ascensor-amueblado/188325672/d?stc=dis-sharead-sharead&utm_medium=social-share&utm_source=sharead&utm_campaign=sharead,
https://www.fotocasa.es/es/comprar/vivienda/malaga-capital/aire-acondicionado-calefaccion/189665029/d?stc=dis-sharead-sharead&utm_medium=social-share&utm_source=sharead&utm_campaign=sharead,
https://www.fotocasa.es/es/comprar/vivienda/malaga-capital/ascensor-amueblado/189514067/d?stc=dis-sharead-sharead&utm_medium=social-share&utm_source=sharead&utm_campaign=sharead,
https://www.idealista.com/inmueble/111355619/,
https://www.idealista.com/inmueble/111219832/?utm_medium=socialmedia&utm_campaign=private_sendadtofriend&utm_source=notifications,
https://www.idealista.com/inmueble/111525009/,
https://www.idealista.com/inmueble/111337795/foto/3/,
https://www.idealista.com/inmueble/111344147/,
https://www.yaencontre.com/venta/piso/inmueble-79849-111499338?utm_source=social&utm_medium=social&utm_campaign=share-android-detail-photo,
https://www.yaencontre.com/venta/piso/inmueble-89660-110837708?utm_source=social&utm_medium=social&utm_campaign=share-android-detail-photo,
https://www.yaencontre.com/venta/piso/inmueble-21204-110792603?utm_source=social&utm_medium=social&utm_campaign=share-android-detail-photo,
https://www.yaencontre.com/venta/piso/inmueble-88427-111224010?utm_source=social&utm_medium=social&utm_campaign=share-android-detail-photo,
https://www.yaencontre.com/venta/piso/inmueble-42051-Promo-6-108361158?utm_source=social&utm_medium=social&utm_campaign=share-android-detail-photo,
https://www.yaencontre.com/venta/piso/inmueble-50964-111079629?utm_source=social&utm_medium=social&utm_campaign=share-android-detail-photo,
https://m.habitaclia.com/i53894000000046,
https://malaga4.tecnocasa.es/malaga/piso-en-venta-643358,
https://www.idealista.com/inmueble/110954486/,
https://www.idealista.com/inmueble/109801070/,
https://www.idealista.com/inmueble/108949215/,
https://www.idealista.com/inmueble/111133940/,
https://www.idealista.com/inmueble/111263390/?utm_medium=socialmedia&utm_campaign=private_sendadtofriend&utm_source=copiedLink,
https://www.idealista.com/inmueble/111303826/foto/19/,
https://www.fotocasa.es/en/buy/home/malaga-capital/air-conditioning/189689819/d?stc=dis-sharead-sharead&utm_medium=social-share&utm_source=sharead&utm_campaign=sharead,
https://www.fotocasa.es/en/buy/home/malaga-capital/air-conditioning-heating-terrace-lift-not-furnished/189631313/d?stc=dis-sharead-sharead&utm_medium=social-share&utm_source=sharead&utm_campaign=sharead,
https://www.idealista.com/inmueble/111257696/,
https://www.idealista.com/inmueble/109702033/,
