url,plataforma,estado_anuncio,titulo,ubicacion,precio,m2,habitaciones,baños,planta,ascensor,tipo,estado,año,comentario,rn,situacion
https://www.fotocasa.es/en/buy/home/malaga-capital/air-conditioning-heating-terrace-lift-not-furnished/189631313/d?stc=dis-sharead-sharead&utm_medium=social-share&utm_source=sharead&utm_campaign=sharead,fotocasa,activo,"Apartments for sale in Calle María, Olletas - Sierra Blanquilla","Calle María, Olletas - Sierra Blanquilla",185000.0,41.0,1.0,1.0,1st floor,Sí,Piso,Buen estado,,"Gilmar Consulting Inmobiliario vende este acogedor apartamento ubicado en pleno Distrito Centro de Málaga, en el entorno de los tradicionales barrios de Olletas y Cristo de la Epidemia, una de las zonas más agradables y residenciales de la ciudad. Un enclave privilegiado que combina tranquilidad, calidad de vida y cercanía al centro histórico, todo ello a los pies del emblemático Monte Gibralfaro, considerado uno de los grandes pulmones verdes de Málaga y un entorno ideal para pasear, practicar deporte o disfrutar de la naturaleza sin salir de la ciudad.Esta ubicación permite además acceder caminando, mediante un agradable paseo, hasta el histórico Santuario de la Victoria, continuando por la tradicional calle Victoria hasta llegar a la Plaza de la Merced y al propio Centro Histórico de la ciudad. Todo ello en un entorno perfectamente consolidado que dispone de todos los servicios necesarios para el día a día, como comercios, farmacias, colegios, supermercados y conexiones de transporte.La vivienda se ubica en un edificio de reciente construcción, concretamente del año 2009, una finca moderna y en perfecto estado de conservación que además cuenta con ascensor. El apartamento se sitúa en una entreplanta con altura prácticamente de primer piso, manteniendo la privacidad respecto al tránsito peatonal y disfrutando de la tranquilidad de una calle de un único sentido, con escaso tráfico y un ambiente muy silencioso y residencial.La propiedad dispone de 41 metros cuadrados construidos y presenta una distribución muy funcional y acogedora. Cuenta con un dormitorio, un baño completo y una agradable zona de estar donde se integran salón y cocina en un concepto abierto, creando un espacio cómodo, luminoso y muy disfrutable para el día a día.Además, la vivienda dispone de un práctico patio-terraza interior, un valor añadido que permite aportar ventilación y oxigenación natural a la vivienda, así como disponer de un espacio extra ideal para almacenaje, bicicletas o zona auxiliar.En cuanto a su estado de conservación, la propiedad se encuentra en condiciones óptimas, permitiendo entrar a vivir con una pequeña actualización estética o lavado de cara, convirtiéndose así en una excelente oportunidad tanto como primera vivienda, segunda residencia o inversión en una de las zonas con más encanto y demanda de Málaga.GILMAR es una reconocida empresa inmobiliaria que lleva desde 1983 ayudando a sus clientes a encontrar la casa de sus sueños. Con una amplia experiencia en el mercado inmobiliario, GILMAR se ha ganado la confianza de sus clientes gracias a su profesionalidad y excelencia en el servicio. Si está interesado en obtener más información sobre esta propiedad, no dude en ponerse en contacto con nuestro equipo en la oficina de Málaga, situada en Calle Cortina del Muelle 13, o llamando al 951 23 33 33. Estaremos encantados de atenderle.",1,libre
https://www.fotocasa.es/en/buy/home/malaga-capital/air-conditioning/189689819/d?stc=dis-sharead-sharead&utm_medium=social-share&utm_source=sharead&utm_campaign=sharead,fotocasa,activo,"Flat for sale in Avenida de la Paloma, Girón - Las Delicias","Avenida de la Paloma, Girón - Las Delicias",215000.0,61.0,3.0,1.0,15th floor,No,Piso,,,"Se vende piso en una excelente ubicación, en Avenida de la Paloma, a tan solo 600 metros del Paseo Marítimo Antonio Banderas y muy cerca de todos los servicios, comercios y transporte público.La vivienda cuenta con:3 habitaciones1 baño completo61 m2 construidosPrimera planta SIN ascensorDistribución cómoda y funcional, ideal tanto como vivienda habitual como inversión.Zona muy demandada, perfecta para disfrutar de la cercanía a la playa y del ambiente de Málaga capital.Si lo sueñas, ¡hazlo realidad!¡No pierdas esta oportunidad!Salvo error u omisión, la información, descripción, precios y demás datos de esta propiedad son correctos. Esta propiedad está sujeta a posibles cambios de precio o retirada del mercado sin previo aviso. En cumplimiento del Decreto de la Junta de Andalucía 218/2005, de 11 de octubre, se informa a la parte compradora que los gastos notariales, registrales, ITP (Impuesto de Transmisiones Patrimoniales), AJD (Actos Jurídicos Documentados), y otros gastos inherentes a la compra y venta, no están incluidos en el precio.No dude en contactar con nosotros y aprovechar esta grandiosa oportunidad.REF. JGR0104",1,libre
https://www.fotocasa.es/en/buy/home/malaga-capital/dos-hermanas-nuevo-san-andres/189467628/d?stc=dis-sharead-sharead&utm_medium=social-share&utm_source=sharead&utm_campaign=sharead,fotocasa,activo,"Flat for sale in Calle Concejal Masso Roura, 4, Dos Hermanas - Nuevo San Andrés","Calle Concejal Masso Roura, 4, Dos Hermanas - Nuevo San Andrés",175000.0,56.0,3.0,1.0,,No,Piso,Buen estado,,"Vendo piso en Dos Hermanas (Málaga) excelente ubicación esquina con Av de Europa y calle sillita de la reina, piso muy luminoso, colegios, supermercados, paradas de autobús, playa a 1,5 km proyecto de torres y bosque urbano a escasos metros ABSTENERSE INMOBILIARIAS.",1,libre
https://www.fotocasa.es/en/buy/home/malaga-capital/heating/188993693/d?stc=dis-sharead-sharead&utm_medium=social-share&utm_source=sharead&utm_campaign=sharead,fotocasa,activo,"Houses for sale in C. Pacheco Maldonado, Los Castillejos - La Trinidad","C. Pacheco Maldonado, Los Castillejos - La Trinidad",239000.0,51.0,2.0,1.0,,No,Casa,,,"Hay viviendas que se compran por lo que son… y otras por todo lo que pueden llegar a ser.

Esta propiedad se encuentra en uno de los cascos urbanos protegidos más auténticos de Málaga y corresponde a una tradicional casa mata malagueña, una tipología cada vez más valorada por su carácter y potencial.

La vivienda ofrece una excelente base para una reforma integral, con posibilidad de crear un espacio abierto tipo loft alrededor de un patio interior privado que aporte luz natural y ventilación a toda la casa.

Además, existe la opción de realizar una pequeña ampliación en la parte posterior, lo que aumenta aún más su funcionalidad y valor futuro.

El proyecto ideal permite diseñar una vivienda de estilo mediterráneo contemporáneo, combinando materiales naturales, espacios abiertos y la esencia de la arquitectura tradicional andaluza.

Ubicada muy cerca del centro de Málaga, con hospitales, comercios, transporte y todos los servicios a pocos minutos, pero conservando el encanto de un barrio auténtico.

Una oportunidad perfecta para crear una vivienda única con personalidad propia.

Contacta con Huspy para más información o para organizar una visita.",1,libre
https://www.fotocasa.es/en/buy/home/malaga-capital/lift-patio-not-furnished/189402103/d?stc=dis-sharead-sharead&utm_medium=social-share&utm_source=sharead&utm_campaign=sharead,fotocasa,activo,"Ground floor for sale in Ingeniero la Cierva, La Luz - El Torcal","Ingeniero la Cierva, La Luz - El Torcal",190000.0,80.0,2.0,1.0,,Sí,Piso,,,"Te presentamos esta fantástica oportunidad en el barrio de La Luz, Málaga, una vivienda para terminar de reformar ideal para estrenar hogar o como inversión.

Se trata de un bajo distribuido en dos dormitorios, vestidor, un baño y un acogedor salón con cocina integrada, diseñado para ofrecer un espacio moderno, cómodo y funcional.

Uno de sus grandes atractivos es su amplio patio interior, ofreciendo un espacio libre para poder disfrutar de él.
Ubicado en una zona con todos los servicios al alcance: colegios, comercios, supermercados, transporte público y todo lo necesario para el día a día. Además, se encuentra muy cerca de la playa, lo que lo convierte en una opción aún más especial.

Una vivienda con mucho potencial, en una ubicación práctica y bien conectada, perfecta para quienes buscan comodidad y calidad de vida en Málaga.",1,libre
https://www.fotocasa.es/en/buy/home/malaga-capital/puerta-blanca/189687813/d?stc=dis-sharead-sharead&utm_medium=social-share&utm_source=sharead&utm_campaign=sharead,fotocasa,activo,Flat for sale in Puerta Blanca,Puerta Blanca,219990.0,57.0,3.0,1.0,,No,Piso,,,"🏡✨ ¡OPORTUNIDAD EN PUERTA BLANCA! ✨🏡Si buscas una vivienda con infinitas posibilidades o una inversión segura y rentable, este piso en planta baja en la zona de Puerta Blanca te va a sorprender.📍 Ubicado en una de las zonas más demandadas de Málaga, rodeado de todos los servicios que necesitas en tu día a día: supermercados, colegios, centros de salud, comercios, zonas verdes y una excelente oferta de transporte público 🚇🚌. Además, disfrutarás de rápidas comunicaciones Bus, Metro, con el centro de la ciudad y acceso directo a autovías.🌊 Y lo mejor… ¡a pocos minutos de la playa! Vive la comodidad de tener el mar cerca y disfrutar del estilo de vida malagueño durante todo el año.La vivienda cuenta con:✔️ 58 m2 construidos✔️ 3 dormitorios✔️ 1 baño completo con plato de ducha✔️ Salón luminoso y acogedor✔️ Cocina independiente✔️ Patio de uso y disfrute compartido con un vecino✔️ Carpintería interior de madera sapelli, aportando calidez y personalidad a la vivienda♿ Planta baja sin barreras arquitectónicas, ideal para todas las edades y con gran comodidad de acceso.💡 Una propiedad con enorme potencial, perfecta como primera vivienda para crear el hogar que siempre soñaste o como producto estrella para inversión gracias a su ubicación estratégica y alta demanda en la zona. 🏠Comunidad 50,82€/mes  🏢 IBI:169€/ Anual  En cumplimiento del Decreto de la Junta de Andalucía 218/2005 del 11 de octubre, Ley 12/2023 por el Derecho a la Vivienda así como Ley 10/2025, de 28 de diciembre, en cumplimiento de las obligaciones de información previstas de servicios de atención a la clientela y transparencia, así como en la normativa sectorial vigente, se hace constar que el precio indicado no incluye los gastos e impuestos inherentes a la adquisición: Impuesto sobre Transmisiones Patrimoniales (ITP). Se aplicará el tipo impositivo vigente en la C.A de Andalucía (generalmente el 7%, sin perjuicio de tipos reducidos aplicables según características del comprador y/o del inmueble). El impuesto se devenga sobre el Valor de Referencia de Catastro o el precio de venta, aquel que resulte superior. (Para una información exhaustiva puede consultar el portal oficial de la Agencia Tributaria de la Junta de Andalucía https://www.juntadeandalucia.es/organismos/economiahaciendayfondoseuropeos/areas/tributos-juego/tributos/paginas/impuestos-cedidos-transmisiones.html );gastos de Notaría: los honorarios se calcularán conforme al arancel oficial regulado en el Anexo I, del R.D 1426/1989, de 17 de noviembre, por el que se aprueba el arancel Notarial; gastos de Registro: la inscripción en el Registro de la Propiedad se facturará según el arancel oficial establecido en el ANEXO I, del R.C. 1427/1989, de 17 de noviembre, por el que se aprueba el arancel Notarial. No existen honorarios de intermediación inmobiliaria adicionales al precio de venta, salvo los que implican servicios prestados por nuestra agencia al comprador reflejados en el encargo correspondiente y que ascienden a un porcentaje del 0,75% más IVA (21%) calculado sobre el precio final de venta del inmueble visitado cuyo devengo se efectuará el día del otorgamiento de la escritura pública de compraventa. Los datos expuestos en la ficha comercial son meramente informativos y no tienen valor contractual. Asimismo su contenido puede estar sujeto a cambios de precio, de disponibilidad y/o retirada del mercado sin aviso específico previo.La superficie construida que aparece en el anuncio se corresponde con información extraída del catastro, nota simple o escritura pública de compraventa.📲 ¡No dejes pasar esta oportunidad! Contacta con nosotros y agenda tu  visita y descubre todo lo que puede ofrecerte!📞",1,libre
https://www.fotocasa.es/es/comprar/vivienda/malaga-capital/terraza/186027635/d?stc=dis-sharead-sharead&utm_medium=social-share&utm_source=sharead&utm_campaign=sharead,fotocasa,activo,"Casa adosada en venta en C. Serrano Parres, Barrio de Ciudad Jardín","C. Serrano Parres, Barrio de Ciudad Jardín",200000.0,138.0,,,,,Casa,,,"Si buscas una vivienda con espacio, independencia y buena orientación, ¡esta casa mata en Los Casinis es para ti!Características: Superficie: 138 m² Dormitorios: 4 (incluye un estudio completamente reformado con puertas nuevas y ventanas Climalit) Salón: Espacioso y luminoso Solárium: Perfecto para disfrutar del sol y el aire libre Plantas: 2 Orientación: Sur, garantizando luz natural durante todo el díaUbicación: Situada en la planta superior de una casa mata dividida en dos viviendas. Se accede mediante escaleras y se entrega vacía para que la adaptes a tu gusto.Zona tranquila y bien comunicada, con todos los servicios cerca.",1,libre
https://www.fotocasa.es/es/comprar/vivienda/malaga-capital/terraza-trastero-patio/178356222/d,fotocasa,activo,"Casa adosada en venta en Calle Miguel de Unamuno, 8, El Molinillo - Capuchinos","Calle Miguel de Unamuno, 8, El Molinillo - Capuchinos",208000.0,,,,,,Casa,,,"Magnifica y gran oportunidad. Estupenda casa adosada o solar entre zona de Salesianos y Universidades de Elejido. Es ideal para alquiler vacacional o larga temporada. Dispone de proyecto pasado por la escuela de arquitectos visado para edificio de bajo 2 1 el cual ceden los propietarios por lo que estaría incluido en el precio ofertado,Actualmente dispone de vivienda habitable pero para reformar.Esta ubicada a pocos minutos del casco histórico, montes de Málaga, Catedral, playa y dispone de todos los servicios: bus,taxis,medicos, hospitales, colegios, institutos, universidades,mercado central y otros, supermercados, restaurantes,iglesias, catedral, bares,peñas, etc.... Todo lo necesario para hacer todo andando sin necesidad de cojer el coche ya que esta a un paso de todo y bastante comunicado.....Precio Negociable 34 34 678 16 34 99NO ESPERES MAS Y VEN A VERLO, GRAN OPORTUNIDAD",1,libre
https://www.fotocasa.es/es/comprar/vivienda/malaga-capital/terraza/187300569/d,fotocasa,activo,,,,,,,,,Piso,,,,1,libre
https://www.fotocasa.es/es/comprar/vivienda/malaga-capital/terraza-patio/185895393/d?isGalleryOpen=true&multimedia=image&isZoomGalleryOpen=true,fotocasa,activo,,,,,,,,,Piso,,,,1,libre
https://www.fotocasa.es/en/rental/home/malaga-capital/furnished-television/188772226/d?stc=dis-sharead-sharead&utm_medium=social-share&utm_source=sharead&utm_campaign=sharead,fotocasa,activo,"Apartments for rent in Calle Garcerán, 26, Parque Ayala - Jardín de la Abadía - Huelín","Calle Garcerán, 26, Parque Ayala - Jardín de la Abadía - Huelín",,40.0,1.0,1.0,,No,Piso,,,"Particular, bonito apartamento con visitas y cerca de la playa, metro, tren, bus, super, durante temporada escolar y otras fechas",1,libre
https://www.fotocasa.es/en/rental/home/malaga-capital/lift-furnished/181749506/d?stc=dis-sharead-sharead&utm_medium=social-share&utm_source=sharead&utm_campaign=sharead,fotocasa,activo,"Flat for rent in Calle Casarabonela, Santa Cristina - San Rafael","Calle Casarabonela, Santa Cristina - San Rafael",,55.0,1.0,1.0,1st floor,Sí,Casa,,,"Piso luminoso, bien orientado, calidades, listo para habitar. Cuenta con salón comedor con cocina integrada, dormitorio doble con armario y baño completo con plato de ducha. En zona residencial con todos los servicios y a pocos minutos del centro histórico. Se incluye gastos de comunidad y agua.",1,libre
https://www.fotocasa.es/en/rental/home/malaga-capital/parking-garden-terrace-furnished/189484023/d?stc=dis-sharead-sharead&utm_medium=social-share&utm_source=sharead&utm_campaign=sharead,fotocasa,activo,,,,,,,,,Piso,,,,1,libre
https://www.fotocasa.es/es/comprar/vivienda/malaga-capital/barrio-de-ciudad-jardin/189636478/d?stc=dis-sharead-sharead&utm_medium=social-share&utm_source=sharead&utm_campaign=sharead,fotocasa,activo,,,,,,,,,Piso,,,,1,libre
https://www.fotocasa.es/es/comprar/vivienda/rincon-de-la-victoria/jardin-terraza-trastero/189533706/d?stc=dis-sharead-sharead&utm_medium=social-share&utm_source=sharead&utm_campaign=sharead,fotocasa,activo,,,,,,,,,Piso,,,,1,libre
https://www.fotocasa.es/es/comprar/vivienda/malaga-capital/calefaccion/188993693/d,fotocasa,activo,"Casa o chalet en venta en C. Pacheco Maldonado, Los Castillejos - La Trinidad","C. Pacheco Maldonado, Los Castillejos - La Trinidad",239000.0,,,,,,Casa,,,"Hay viviendas que se compran por lo que son… y otras por todo lo que pueden llegar a ser.

Esta propiedad se encuentra en uno de los cascos urbanos protegidos más auténticos de Málaga y corresponde a una tradicional casa mata malagueña, una tipología cada vez más valorada por su carácter y potencial.

La vivienda ofrece una excelente base para una reforma integral, con posibilidad de crear un espacio abierto tipo loft alrededor de un patio interior privado que aporte luz natural y ventilación a toda la casa.

Además, existe la opción de realizar una pequeña ampliación en la parte posterior, lo que aumenta aún más su funcionalidad y valor futuro.

El proyecto ideal permite diseñar una vivienda de estilo mediterráneo contemporáneo, combinando materiales naturales, espacios abiertos y la esencia de la arquitectura tradicional andaluza.

Ubicada muy cerca del centro de Málaga, con hospitales, comercios, transporte y todos los servicios a pocos minutos, pero conservando el encanto de un barrio auténtico.

Una oportunidad perfecta para crear una vivienda única con personalidad propia.

Contacta con Huspy para más información o para organizar una visita.",1,libre
https://www.fotocasa.es/en/buy/home/malaga-capital/furnished/189517649/d?stc=dis-sharead-sharead&utm_medium=social-share&utm_source=sharead&utm_campaign=sharead,fotocasa,activo,"Ground floor for sale in Caleseras, La Unión - Cruz de Humilladero - Los Tilos","Caleseras, La Unión - Cruz de Humilladero - Los Tilos",209000.0,61.0,3.0,1.0,,No,Piso,,,"Piso luminoso y listo para entrar en Cruz del Humilladero (Málaga)

Se vende vivienda de 61 m² en una de las zonas más prácticas y demandadas de Málaga, ideal tanto para vivir como para inversión.

Lo que destaca nada más verlo:

Vivienda muy luminosa y completamente exterior
Espacios bien aprovechados y sensación de amplitud
Estado cuidado, lista para entrar a vivir o alquilar desde el primer día

Distribución:

3 habitaciones (perfectas para familia o alquiler por habitaciones)
1 baño reformado con plato de ducha
Salón amplio con zona de comedor
Cocina abierta funcional
Lavadero independiente

Ubicación y entorno:
Situado en un bajo con ligera elevación (5 escalones) que aporta privacidad
Da a dos calles peatonales, lo que garantiza tranquilidad y poco ruido
Zona con todos los servicios a mano

Conectividad inmejorable:
Metro a pocos minutos
Posibilidad de ir caminando al centro histórico o la playa
Buena conexión con la autovía

Ideal para:
Primera vivienda
Inversores (alta demanda de alquiler en la zona, especialmente por habitaciones)

No dudes en llamarnos
Luxua Homes
Soluciones inmobiliarias
1.000 razones para vivir en Málaga
Encuentra más en: luxuahomes.com",1,libre
https://www.fotocasa.es/es/comprar/vivienda/malaga-capital/giron-las-delicias/188512462/d,fotocasa,activo,"Piso en venta en C. Lepanto, Girón - Las Delicias","C. Lepanto, Girón - Las Delicias",216000.0,,3.0,,,,Piso,,,"PISO EN DELICIASNuevo piso de 64 m2 útiles situado muy cerca de Avenida Sor Teresa Prat y calle Frigiliana, dos de las avenidas principales del barrio, con 3 habitaciones, cocina amplia completamente equipada, 1 baño, y un salón amplio. Es una quinta planta con ascensor. La terraza está adosada al salón.5º PLANTASe encuentra ubicado muy cerca del parque del Oeste, y a solo unos cinco minutos andando de la playa.La zona se encuentra muy bien comunicada cuenta con parada de autobuses, estación de metro, colegios, institutos y una amplia variedad de comercios tales como carnicerías, fruterías, tiendas de ropa, supermercados (Mercadona, Supeco, Mas, Día, entre otros).Si desea concertar una cita sin compromiso puede llamarnos al 9 5 2 3 1 1 9 3 9.Si necesita financiación solicite de manera gratuita y sin compromiso un estudio financiero con nuestro departamento Kíron.En cumplimiento del Decreto de la Junta de Andalucía 218/2005 del 11 de Octubre, se informa al cliente que los gastos notariales, registrales, ITP, 3% de comisión y otros gastos inherentes a la compra no están incluidos en el precio. Cada agencia tiene su propio titular y es autónoma.",1,libre
https://www.fotocasa.es/es/comprar/vivienda/malaga-capital/aire-acondicionado-ascensor-amueblado/189661125/d?isGalleryOpen=true&from=list&multimedia=image,fotocasa,activo,Piso en venta en Puerta Blanca,Puerta Blanca,225000.0,,,,,,Piso,,,"Crystal House Asesores presenta en EXCLUSIVA este bajo en la demandada barriada de Puerta Blanca. La vivienda se encuentra en buenas condiciones, es muy luminosa por tener orientación este. Cuenta con patio comunitario. Está ubicada frente a la parada del bus línea 3, a 10 minutos andando a Playa La Misericordia, y todo tipo de comercios y servicios cerca. Centro de Salud a 200 metros.Cumpliendo con el decreto 218/2005, de 11 de octubre, por el que se aprueba el reglamento de información al consumidor en la compraventa y arrendamiento de viviendas en Andalucía, se informa al cliente que los gastos de financiación, notariales, registrales, impuestos (ITP, IVA, AJD) inherentes a la compraventa de este inmueble, no están incluidos en el precio. El consumidor tiene derecho a que se le entregue una copia del correspondiente documento informativo abreviado de la vivienda.",1,libre
https://www.fotocasa.es/en/buy/home/malaga-capital/lift-furnished/189719936/d?stc=dis-sharead-sharead&utm_medium=social-share&utm_source=sharead&utm_campaign=sharead,fotocasa,activo,Flat for sale in Portada Alta - Pol. Crta. De Cártama,Portada Alta - Pol. Crta. De Cártama,220000.0,88.0,3.0,1.0,3rd floor,Sí,Piso,,,"ZONA JUAN XXIII/ORTEGA Y GASSETInmobiliaria Puerto de la Torre le ofrece en EXCLUSIVA este acogedor piso donde rodeado de todo tipo de comercios, lineas de bus, centros escolares.Venga a visitar este amplio piso, un piso como los de antes, nada de pladur, habitaciones cómodas, cocina amplia con zona de lavadero y despensa, salón con zona de comedor y baño reformado con plato de ducha y mampara.Mi nombre es Carmen, llámeme y concertaremos una visita. En Inmobiliaria Puerto de la Torre obtendrá un trato profesional y familiar con todos los servicios que usted necesita para la compra-venta de su hogar.EN CUMPLIMIENTO DEL DECRETO 218/2005 DE 11 DE OCTUBRE DE LA JUNTA DE ANDALUCIA, SE INFORMA QUE LOS GASTOS NOTARIALES, LOS DERECHOS REGISTRALES, EL IMPUESTO SOBRE TRANSMISIONES PATRIMONIALES NO ESTAN INCLUIDOS EN EL PRECIO.NUESTROS HONORARIOS DE INTERMEDIACION INMOBILIARIA Y ACOMPAÑAMIENTO HASTA LA FIRMA DE LA ESCRITURA PUBLICA NO ESTAN INCLUIDOS EN EL PRECIO.Los datos expuestos son meramente informativos y no tienen valor contractual, la oferta queda sujeta a errores, cambios de precio, disponibilidad y/o retirada del mercado sin aviso previo.Estaremos encantados de atenderle personalmente en C/Lope de rueda nº 116Horario de atención al cliente:Lunes a viernes de 9:30 a 13.30 y de 17:00 a 20:00Sábados de 10:00 a 13:00Si esta vivienda no es lo que esta buscando, contáctenos y uno de nuestros agentes se encargara de hacerle una búsqueda totalmente personalizada adaptándose a sus necesidades, sin compromiso.",1,libre
https://www.fotocasa.es/en/buy/home/malaga-capital/heating-terrace-lift/189696494/d?stc=dis-sharead-sharead&utm_medium=social-share&utm_source=sharead&utm_campaign=sharead,fotocasa,activo,,,,,,,,,Piso,,,,1,libre
https://www.fotocasa.es/en/buy/home/malaga-capital/lift-patio-not-furnished/189594894/d?stc=dis-sharead-sharead&utm_medium=social-share&utm_source=sharead&utm_campaign=sharead,fotocasa,activo,"Flat for sale in Calle Santa Marta, 3, La Unión - Cruz de Humilladero - Los Tilos","Calle Santa Marta, 3, La Unión - Cruz de Humilladero - Los Tilos",203000.0,69.0,2.0,1.0,1st floor,Sí,Piso,,,"Se vende EN EXCLUSIVA maravilloso piso de 2 habitaciones en el bario de La Unión, calle Santa Marta Nº3.Consta de Cocina independiente, 2 dormitorios, baño y un luminoso salón-comedor.El piso se vende totalmente reformado exceptuando los cerramientos de salón y cocina de los cuales aportamos presupuestos. Garantía de 5 años para los elementos reformados.Excelente comunicación con el transporte público, con boca de metro literalmente delante del portal, (cercanías, ave, metro, bus, parada de taxis) que comunica a todo Málaga, acceso a todos los servicios a pocos metros. Excelente oportunidad tanto como vivir o invertir!IMPORTANTE: El portal también tiene aprobada una reforma completa y adaptada para minusválidos, además de puerta principal y buzones, por lo que es inminente su arranque.Zona totalmente en auge.En cumplimiento del decreto de la junta de Andalucía 218/2005 del 11 de octubre, se informa al cliente que los gastos notariales, registrales, 5.000€ + IVA de comisión de la empresa inmobiliaria y otros gastos inherentes a la compra, no están incluidos en el precio.",1,libre
https://www.fotocasa.es/en/buy/home/malaga-capital/lift/189610662/d?stc=dis-sharead-sharead&utm_medium=social-share&utm_source=sharead&utm_campaign=sharead,fotocasa,activo,Flat for sale in Dos Hermanas - Nuevo San Andrés,Dos Hermanas - Nuevo San Andrés,212000.0,77.0,3.0,1.0,5th floor,Sí,Piso,,,"Se vende fantástica vivienda de 77 m² situada en una de las zonas más demandadas de Málaga, en San Andrés, junto a Avenida Europa y a escasos minutos de la estación Victoria Kent.La vivienda cuenta con 3 amplias habitaciones, 1 cuarto de baño completo y una cómoda cocina en L, ideal para aprovechar al máximo el espacio y la funcionalidad del hogar. Gracias a su orientación este, disfruta de una magnífica luz natural durante toda la mañana, creando un ambiente cálido y acogedor.Ubicación inmejorable: a tan solo 15 minutos andando de la playa y rodeada de todo tipo de servicios y comercios. Tendrás supermercados como Mercadona y Dia a pocos pasos, además de transporte público, colegios, restaurantes y zonas de ocio.Una vivienda perfecta tanto para vivir como para invertir, en una zona con gran demanda y excelente conexión con toda la ciudad.Para más información puedes ponerte en contacto con nuestro asesor Antonio al 692 70 84 18.¡No pierdas esta estupenda oportunidad y ven a visitarlo! Contamos con departamento financiero interno que le ayudará con su hipoteca. Financiación 100% según su perfil económico. Llámenos sin compromiso y le informaremos. ¡No dudes en visitarlo!En cumplimiento del Decreto de la Junta de Andalucía 2182005 del 11 de Octubre se informa al cliente que los precios ofertados no comprenden los tributos, ni los gastos notariales y registrales, ni la comisión de intermediación.Redpiso, la confianza de trabajar con el líder.",1,libre
https://www.fotocasa.es/es/comprar/vivienda/malaga-capital/terraza-no-amueblado/189481164/d,fotocasa,activo,"Casa adosada en venta en Calle Loberos, Dos Hermanas - Nuevo San Andrés","Calle Loberos, Dos Hermanas - Nuevo San Andrés",245000.0,65.0,,,,,Casa,,,"Se ofrece en venta, lista para vivir con una superficie construida de 65 m² sobre una parcela de 39,82 m².La vivienda se distribuye de forma funcional:•	Planta baja: salón, cocina totalmente amueblada, cuarto de baño completo, patio y un práctico espacio de almacenamiento (storage). •	Planta alta: dos dormitorios dobles, uno de ellos con armario (clóset) y otro pendiente de finalización de reforma, además de una agradable terraza. La cocina y el baño se entregan completamente equipados.En la misma puerta de la vivienda hay facilidad de aparcamiento, aportando comodidad diaria.La propiedad destaca por su gran potencial de ampliación, con posibilidad de construir una tercera planta para añadir más habitaciones o diseñar una amplia terraza-solárium.Asimismo, ofrece la posibilidad de licencia turística, al tratarse de una vivienda unifamiliar con acceso directo desde la calle, ideal tanto como residencia habitual como inversión.Ubicada en una zona bien comunicada, a tan solo 900 metros de la Playa de la Misericordia (15 minutos a pie), y próxima a lugares de interés como el Parque del Oeste, el Centro Comercial Los Patios y el Hospital Quirón salud Málaga. Además, cuenta con excelente conexión mediante transporte público y rápido acceso a las principales vías de la ciudad.Una oportunidad ideal para quienes buscan comodidad, cercanía al mar y posibilidades de revalorización.¡Es la oportunidad que estabas esperando! Llámanos para más información.En el decreto 218/2005, de 11 de octubre, por el que se aprueba el reglamento de información al consumidor en la compraventa y arrendamiento de viviendas en Andalucía, se informa al cliente que los gastos notariales, registrales, I. T. P. y otros gastos inherentes a la compraventa no están incluidos en el precio. Honorarios no Incluidos en el precio!!La dirección del inmueble es aproximada. Debido a la ley de protección de datos no podemos facilitar la dirección exacta.",1,libre
https://www.fotocasa.es/en/buy/home/malaga-capital/la-luz-el-torcal/189622475/d?stc=dis-sharead-sharead&utm_medium=social-share&utm_source=sharead&utm_campaign=sharead,fotocasa,activo,Flat for sale in La Luz - El Torcal,La Luz - El Torcal,204000.0,50.0,2.0,1.0,1st floor,No,Piso,Buen estado,,"¡Oportunidad única! Se vende acogedor piso en Carretera de Cádiz, ideal tanto para vivir como para inversión gracias a su excelente ubicación y gran demanda en la zona.2 habitaciones cómodas y bien distribuidas1 baño completoSalón acogedor, perfecto para el día a díaCocina funcional con buen aprovechamiento del espacio1ª planta sin ascensor50 m² construidosVivienda práctica y funcional, ideal para parejas, pequeñas familias o como inversión con buena rentabilidad.Ubicación excelenteRodeado de todos los servicios: supermercados, transporte público, comercios, colegios y zonas de ocio. Todo lo que necesitas al alcance de la mano.¡No dejes pasar esta oportunidad! Contacta para más información o concertar una visita. Tu próximo hogar te está esperando.Ven a verla! llámanos y nuestro compañero Christian Vázquez le acompañará a visitarla.En cumplimiento del Decreto de la Junta de Andalucía 218/2005 del 11 de Octubre | se informa al cliente que los gastos notariales | registrales | ITP | intermediación inmobiliaria y otros gastos inherentes a la compra | no están incluidos en el precio. El consumidor tiene derecho a que se le entregue una copia del correspondiente documento informativo abreviado de la vivienda.",1,libre
https://www.fotocasa.es/es/comprar/vivienda/torremolinos/ascensor/189266060/d?stc=dis-sharead-sharead&utm_medium=social-share&utm_source=sharead&utm_campaign=sharead,fotocasa,activo,"Piso en venta en Calle Marqués de Salamanca, 3, Manantiales - Estación de Autobuses","Calle Marqués de Salamanca, 3, Manantiales - Estación de Autobuses",200000.0,80.0,3.0,,,,Piso,,,"PISO EN VENTA EN TORREMOLINOS – ZONA CENTROSe vende amplio piso en planta baja en el centro de Torremolinos, ubicado en una zona tranquila y bien conectada, alejada del ruido y de las zonas más transitadas. Una vivienda muy cómoda y práctica, ideal tanto para vivir como para invertir.✨ Propuesta de reforma con gran potencial ✨Las tres primeras imágenes del anuncio han sido generadas mediante inteligencia artificial y muestran una posible reforma del inmueble, con el objetivo de ayudar a visualizar cómo podría transformarse el espacio tras una actualización sencilla.A continuación, se incluyen las fotografías reales del estado actual de la vivienda, para que puedas apreciar su situación original y valorar todo su potencial.Una excelente oportunidad para diseñar un hogar a tu gusto o como inversión.La vivienda cuenta con 80 m² distribuidos en:3 habitaciones2 bañosAmplio salón-comedorCocina independiente Recién reformado estéticamente, con paredes alisadas y recién pintadas, listo para entrar a vivir.Al ser planta baja, ofrece una gran ventaja: acceso cómodo y sin escaleras, perfecto para personas mayores, familias con niños o quienes buscan comodidad en el día a día. También es una excelente opción para inversión, ya que la zona tiene gran demanda de alquiler.Ubicación privilegiada en Torremolinos centro, cerca de comercios, transporte, supermercados y todos los servicios necesarios.Ideal tanto como vivienda habitual como para inversión.Para más información o concertar una visita, contactar por privado.En cumplimiento del Decreto de la Junta de Andalucía 218/2005 del 11 de Octubre, se informa a los clientes que los gastos notariales, registrales, los de gestoría, los impuestos (ITP, AJD o IVA), los honorarios de intermediación del 5% más IVA y otros gastos inherentes a la compra, no están incluidos en el precio.",1,libre
https://www.fotocasa.es/es/comprar/vivienda/malaga-capital/ascensor-amueblado/188325672/d?stc=dis-sharead-sharead&utm_medium=social-share&utm_source=sharead&utm_campaign=sharead,fotocasa,activo,"Piso en venta en Calle Olletas, 12, Olletas - Sierra Blanquilla","Calle Olletas, 12, Olletas - Sierra Blanquilla",199000.0,,,,,,Piso,,,"Se vende piso de dos habitaciones y un baño ubicado en una cuarta planta con ascensor. La vivienda cuenta con 55 m2 y se encuentra a reformar, lo que la convierte en una excelente oportunidad para personalizarla a tu gusto o como inversión en una zona con alta demanda. Situado en Olletas, una zona tranquila y bien comunicada, con todo tipo de servicios a pocos minutos.Precio: 199.000 €Olletas – MálagaEn cumplimiento del Decreto de la Junta de Andalucía 218/2005 del 11 de octubre, se informa al cliente que los gastos notariales, registrales, ITP, intermediación inmobiliaria y demás gastos inherentes a la compra no están incluidos en el precio. El consumidor tiene derecho a que se le entregue una copia del correspondiente documento informativo abreviado de la vivienda.",1,libre
https://www.fotocasa.es/es/comprar/vivienda/malaga-capital/aire-acondicionado-calefaccion/189665029/d?stc=dis-sharead-sharead&utm_medium=social-share&utm_source=sharead&utm_campaign=sharead,fotocasa,activo,"Planta baja en venta en Avenida de José Ortega y Gasset, La Unión - Cruz de Humilladero - Los Tilos","Avenida de José Ortega y Gasset, La Unión - Cruz de Humilladero - Los Tilos",189000.0,79.0,2.0,,,,Piso,,,"Situada en la Avenida Ortega y Gasset, una de las arterias más conectadas de Málaga, esta vivienda en planta baja destaca por su excelente accesibilidad y su ubicación estratégica. A tan solo unos pasos de la estación de metro Barbarela, la propiedad ofrece una conexión inmejorable con el centro de la ciudad, situándose además a unos 20 minutos a pie de la estación de tren María Zambrano y a menos de 25 minutos de la playa.

- Superficie de 79 m² construidos (61,54 m² útiles).
- 2 dormitorios luminosos.
- 1 baño completo.
- Espacio integrado de salón, cocina y comedor.
- Orientación norte y sur que garantiza ventilación cruzada.
- Cambio de uso a vivienda ya formalizado legalmente.
- Ubicación prime junto a estación de metro y servicios.
- Propiedad libre de cargas y lista para habitar o alquilar.

La vivienda, que cuenta con el cambio de uso ya realizado, presenta una distribución moderna de concepto abierto que optimiza cada metro cuadrado. Al contar con doble orientación norte-sur, el inmueble disfruta de una circulación de aire constante, mejorando el confort climático en su interior. Su diseño actual es funcional y práctico, ideal para quienes buscan comodidad en una sola planta.

Aunque la propiedad se encuentra en estado habitable y lista para entrar a vivir desde el primer momento, ofrece un gran potencial para realizar una actualización estética que maximice su valor. Es una opción idónea tanto para compradores que buscan su residencia habitual en un entorno bien comunicado como para inversores que deseen un activo inmobiliario con alta demanda de alquiler en Málaga.

Esta propiedad combina ubicación, legalidad y versatilidad en una de las zonas con mejor proyección de la ciudad. Para más información o para concertar una visita, no dude en contactar con nosotros.",1,local
https://www.fotocasa.es/es/comprar/vivienda/malaga-capital/ascensor-amueblado/189514067/d?stc=dis-sharead-sharead&utm_medium=social-share&utm_source=sharead&utm_campaign=sharead,fotocasa,activo,Piso en venta en Olletas - Sierra Blanquilla,Olletas - Sierra Blanquilla,195000.0,,,,,,Piso,,,"**ALTA RENTABILIDAD**🏠 ¡Tu refugio ideal en Málaga: Luz, Confort y Ubicación!¿Buscas un hogar acogedor o una inversión inteligente en Málaga Capital? Este piso en la zona de El Ejido - Olletas combina la tranquilidad de un barrio de toda la vida con la cercanía al latido del centro. ¡Totalmente amueblado y listo para entrar a vivir!✨ Lo mejor de tu futuro hogar🛌 Dormitorio Doble: Amplio, cómodo y con armario empotrado para organizar todo a tu gusto.🚿 Baño Completo: En perfecto estado de conservación.🍳 Cocina Equipada: Con todo lo necesario para empezar a cocinar desde el primer día.☀️ Atardeceres con Luz: Gracias a su orientación oeste, disfrutarás de una iluminación natural espectacular cada tarde.🔇 Ambiente Familiar: Edificio tranquilo con muy pocos vecinos por planta, garantizando tu descanso.🛠️ Calidad y ComodidadMantenimiento fácil: Suelos de gres y ventanas de aluminio, diseñados para durar.Estado impecable: Inmueble muy bien cuidado, con el encanto de lo consolidado y la frescura de estar listo para habitar.📍 Vive donde ocurre todoUbicado entre Cristo de la Epidemia y San Miguel, tendrás a un paso:✅ Paseos directos al Centro Histórico.✅ Todos los servicios: supermercados, transporte público y ocio.✅ Un entorno dinámico pero con la paz de una comunidad pequeña.¿Es lo que estabas buscando? No pierdas la oportunidad de verlo en persona.📞 ¡No dejes que se te escape!Ven a descubrir tu próximo hogar. Estaremos encantados de acompañarte en una visita.☎️ Teléfono: 952 40 33 00💬 WhatsApp: +34 695 67 21 30InmoGallardo 🏠Desde 2005, cumpliendo sueños con fuerza y dedicación. Más de 20 años de experiencia nos avalan.InmoGallardo Informa: En cumplimiento del Decreto de la Junta de Andalucía 218/2005 del 11 de Octubre, el Impuesto de Transmisiones Patrimoniales, los gastos de Notaría y Registro regulados por arancel no están incluidos en el precio. Los honorarios profesionales de la Agencia no están incluidos,  los cuales ascienden a un 3% mas IVA. Validez de precios 7 días, sujeto a disponibilidades y confirmación por propietarios. Se considera que la descripción y los precios indicados para las propiedades a la venta en este sitio web son correctos. No obstante, la información que contiene esta web puede ser sujeta a errores u omisiones. Las propiedades pueden ser sujetas a cambio de precio, venta o retirada del mercado.",1,libre
https://www.idealista.com/inmueble/106811791/?utm_medium=socialmedia&utm_campaign=private_sendadtofriend&utm_source=notifications,idealista,activo,,,,,,,,,Piso,,,,1,libre
